username,follower_count,following_count,post_count,bio_length,has_profile_pic,has_external_url,avg_likes_per_post,avg_comments_per_post,follower_following_ratio,engagement_rate,is_private,is_fake
real_user_672,196,83,1640,36,1,0,1.0,0.07131242404253979,2.36144578313253,0.5465879714502754,0,0
real_user_501,667,686,1327,56,0,0,15.176208714160358,1.7443687353370805,0.9723032069970845,2.536818208320456,1,0
fake_user_382,6474,738,7,17,1,0,355.0,13.636270344418426,8.772357723577235,5.694103650670659,0,1
real_user_148,833,893,1491,85,1,1,27.336771760500973,1.8070348485914114,0.9328107502799552,3.4986562555933234,1,0
fake_user_448,221278,41,23,27,1,0,816.830533719711,10.058792948354482,5397.024390243902,0.3736879973011621,0,1
fake_user_328,124712,65,9,0,1,0,839.4102879480729,8.61818227372039,1918.6461538461538,0.67998947192074,0,1
real_user_300,2498,338,504,124,1,1,15.974435516726782,0.9099978108168523,7.390532544378698,0.67591806755579,0,0
fake_user_198,29695,1034,28,0,0,1,196.0,7.383226872626621,28.718568665377177,0.6849073139337485,0,1
real_user_651,2981,1299,1280,118,1,0,1.983383172980934,0.25087428682570256,2.2948421862971515,0.07494993156010187,0,0
real_user_642,832,1303,1937,137,1,0,1.0,0.13387634818829927,0.6385264773599386,0.13628321492647827,0,0
real_user_512,36491,1298,1984,117,1,1,484.46179920654527,34.2647132953242,28.113251155624038,1.421519038946232,1,0
real_user_324,957,378,687,74,1,1,1.3199097510757747,0.0832547434369605,2.5317460317460316,0.14662115930122627,1,0
fake_user_245,475668,62,37,18,1,0,1764.0281884764195,23.612451587678894,7672.064516129032,0.37581688069495917,0,1
fake_user_710,432467,1,3,0,1,1,2364.4521054524466,22.2011455932804,432467.0,0.5518694492402257,0,1
real_user_253,575,892,285,121,1,0,13.243959422807343,1.3416235420295657,0.6446188340807175,2.5366231243194624,0,0
real_user_520,540373,576,615,42,1,1,2797.2386908952467,276.22168407442456,938.1475694444445,0.5687664585332115,0,0
real_user_684,24344,916,1302,216,1,0,1245.9544167300269,56.36457628574813,26.5764192139738,5.349650809299108,1,0
real_user_52,6353,724,1245,113,1,0,228.18282252555565,7.917643824786295,8.774861878453038,3.716361818831134,0,0
real_user_746,53660,808,1068,55,1,0,801.2127673841796,102.40753208189933,66.41089108910892,1.6839737224488986,1,0
fake_user_102,64528,497,17,0,1,0,242.0,5.545440420257885,129.83501006036218,0.3836248456797946,0,1
real_user_223,4614,1954,1432,188,1,1,88.3738308540714,2.614262114804757,2.361310133060389,1.97200028107664,1,0
fake_user_617,15406,2678,2,0,1,0,2576.0907160773613,672.4408543719687,5.752800597460792,21.08614546572329,1,1
real_user_545,6965,1014,502,136,1,0,196.11056415357976,22.943077642082546,6.868836291913215,3.1450630552141035,1,0
fake_user_688,2772,820,397,58,0,1,245.03096966280543,78.91908939123836,3.3804878048780487,11.686510066884697,0,1
fake_user_146,16926,2285,350,60,1,1,3240.486283930656,870.2360940083743,7.407439824945295,24.286437303196447,0,1
fake_user_15,29677,947,7,71,0,0,236.0,10.80846711309772,31.337909186906018,0.8316489777036011,0,1
real_user_498,36602,685,1663,86,1,0,345.94528613045674,16.66465408992875,53.433576642335765,0.9906834058805134,0,0
fake_user_423,12145,1329,25,0,1,0,67.0,0.2384446004166561,9.138449962377727,0.5536306677679429,0,1
real_user_632,7292,1980,663,102,0,1,17.276796285576697,0.6337838457381105,3.682828282828283,0.24561958490557884,0,0
real_user_499,95192,767,1240,12,1,0,3159.789537988543,165.31920469187037,124.10951760104302,3.493054818346514,0,0
fake_user_633,33349,1135,9,0,0,0,354.0,2.455180347557038,29.38237885462555,1.0688631753502564,0,1
fake_user_345,44036,1188,21,0,1,0,319.0,2.1651389304899635,37.06734006734007,0.729324050618789,0,1
real_user_16,835516,365,1890,163,0,0,6616.160228188763,812.1395971986286,2289.0849315068494,0.8890673338855739,0,0
fake_user_426,188737,45,454,39,1,0,1702.4975769071655,33.82208862674095,4194.155555555555,0.9199678205830899,1,1
fake_user_640,23264,201,47,9,1,0,474.0,7.911334373837521,115.7412935323383,2.071489573477637,0,1
fake_user_381,11718,70,49,0,1,0,41.862957795272784,0.326593610095712,167.4,0.36004054792087814,1,1
real_user_413,912,1291,822,143,1,0,19.68276611416094,1.551223886655767,0.7064291247095275,2.328288377282534,0,0
fake_user_701,54334,1621,80,0,1,0,329.0,13.231966447343284,33.518815545959285,0.6298670564422705,0,1
real_user_700,868,909,1666,75,1,0,24.9524893236603,2.4007807391161795,0.9548954895489549,3.151298394329087,0,0
fake_user_599,29424,1826,28,24,0,0,192.0,7.7994323277459126,16.113910186199345,0.679035591108435,0,1
fake_user_764,27954,897,134,10,0,0,383.0,3.4969113087771992,31.163879598662206,1.3826175549430393,0,1
real_user_464,2937,505,1602,273,1,1,40.694545372313996,5.568502128930457,5.815841584158416,1.575180371169372,0,0
fake_user_237,10506,2900,4,0,1,1,662.4173889668929,154.16576904386991,3.6227586206896554,7.772541005242364,0,1
real_user_239,611,919,690,147,1,0,35.92124017629633,2.093803627401623,0.6648531011969532,6.221774763289353,0,0
fake_user_91,130955,87,384,55,0,0,1276.8842886977507,23.560640282661595,1505.2298850574712,0.9930471757324364,1,1
real_user_626,293,766,778,2,1,0,16.167390567474197,0.6848674701724724,0.3825065274151436,5.751623903633676,0,0
real_user_779,299,54,1764,59,1,0,1.0,0.04461606360735581,5.537037037037037,0.349369920938915,1,0
fake_user_214,471326,41,170,95,0,1,4194.659854296403,45.36209863040101,11495.756097560976,0.8995943259923713,0,1
fake_user_681,17530,1308,3,23,1,0,488.0,17.721043737979816,13.402140672782874,2.8848890116256696,1,1
real_user_89,2795,1332,743,1,1,1,91.89099869358981,4.118610375311953,2.0983483483483485,3.4350486250054297,1,0
fake_user_610,411285,35,9,0,1,0,686.9736539247389,9.989350198453899,11751.0,0.16945986460074955,0,1
real_user_465,758256,284,1602,37,1,0,10732.385945256507,602.2566831410135,2669.9154929577467,1.4948305886662974,1,0
real_user_420,21032,1645,1315,131,1,1,110.71143752020194,11.90525057327276,12.785410334346505,0.5830006090408648,1,0
fake_user_632,84797,1437,8,27,1,0,273.0,0.42659300792010546,59.00974251913709,0.32244842743012153,0,1
real_user_60,67344,311,1204,265,1,0,419.9517175299783,31.195238160694412,216.54019292604502,0.6699141062168459,0,0
real_user_327,979,872,336,236,1,0,31.403540829301622,1.5329150303640484,1.1227064220183487,3.364295797718659,1,0
fake_user_372,8013,659,4,23,0,0,1507.8088670514041,545.8328687841453,12.159332321699544,25.628874776432664,0,1
fake_user_29,52509,1523,29,7,1,0,236.0,5.1428209577035044,34.477347340774784,0.45924093195014853,0,1
real_user_607,190,134,314,97,1,1,2.5426037729245947,0.11878124523504695,1.4179104477611941,1.4007289569261272,0,0
real_user_268,917,959,693,95,1,0,26.948336531286817,1.3261085107105912,0.9562043795620438,3.0833636905122583,0,0
real_user_276,965,1028,1104,256,1,0,22.950514462638406,1.2114313759641342,0.938715953307393,2.5038285843111443,0,0
real_user_11,84961,1182,476,113,1,1,4463.49086511219,537.4172382667772,71.87901861252115,5.886121989358608,0,0
real_user_275,85214,715,1158,299,1,0,1653.7925905609861,62.90829655560973,119.18041958041958,2.0145761108698053,1,0
real_user_766,8781,829,1267,90,1,0,274.5403997721611,31.67460038926446,10.592279855247286,3.487245190313467,0,0
fake_user_495,50435,93,18,0,0,1,66.38005074934017,1.1496618576604163,542.3118279569892,0.13389454269257578,0,1
real_user_297,48761,395,618,143,1,1,736.111666057413,101.13509963601642,123.44556962025317,1.7170418278817692,1,0
fake_user_420,10832,2164,32,46,1,0,2557.5357854031276,655.5186065942156,5.00554528650647,29.662614401748,0,1
real_user_109,370,180,1327,13,1,1,16.194585893214594,2.235967522720253,2.0555555555555554,4.981230652955364,0,0
real_user_532,8801,654,359,51,1,1,16.309682466190303,0.5691520892435946,13.457186544342507,0.19178314459077261,0,0
fake_user_272,367283,32,21,6,0,1,2524.522776490626,26.700446743505502,11477.59375,0.6946205577808205,0,1
real_user_778,32470,1406,20,1,1,1,578.8185256390718,55.932043876526464,23.093883357041253,1.9548831829861355,1,0
fake_user_67,47227,754,15,32,0,0,136.0,0.9907489623350404,62.63527851458886,0.29006870849796734,0,1
real_user_724,6167,1222,336,55,1,1,59.90220881631458,6.2974538372867475,5.046644844517185,1.0734500187060374,0,0
fake_user_735,498005,98,0,42,0,0,3858.7278326238657,18.21522451409537,5081.683673469388,0.7784948057023445,0,1
real_user_18,708,201,635,70,1,1,18.44528911813389,2.59023035182721,3.5223880597014925,2.971118569203545,1,0
real_user_160,764,826,1479,20,1,0,21.78320227529341,1.5116825048757603,0.9249394673123487,3.049068688503818,0,0
real_user_269,674,491,1423,4,1,0,16.384716856776176,1.9812026040429238,1.3727087576374746,2.724913866590371,0,0
real_user_438,4864,472,1052,138,1,0,79.78762504259359,5.272601478827414,10.305084745762711,1.7487711044700043,0,0
real_user_321,537,724,1262,78,1,0,1.0,0.11821644724110993,0.7417127071823204,0.2082339752776741,0,0
real_user_789,68690,1830,166,84,1,0,1538.2648494784426,166.5108133583153,37.53551912568306,2.4818396605572253,1,0
real_user_663,748,1140,1058,63,1,0,48.04415426134716,3.5133168802709847,0.656140350877193,6.892710045670874,0,0
real_user_13,2691,1167,1059,71,1,0,79.49613873581067,2.0758078700061966,2.3059125964010283,3.0312874992871377,0,0
fake_user_753,9216,1070,38,0,1,0,2102.595318787316,212.82296066786864,8.613084112149533,25.123896261449485,0,1
fake_user_74,16639,668,38,0,0,0,4581.17533752575,493.77658457868614,24.90868263473054,30.50034210051347,1,1
real_user_535,476,827,1779,127,1,0,6.042720518386921,0.5958486497102736,0.5755743651753326,1.394657388255713,0,0
fake_user_719,467576,64,3,0,0,0,1453.6884290960345,8.345450251009686,7305.875,0.31268368764586807,0,1
real_user_90,460,889,1457,99,1,0,7.537389468730883,0.27166525734487557,0.5174353205849269,1.6976205926251648,1,0
real_user_706,423,786,54,115,1,0,1.0,0.10333986277465777,0.5381679389312977,0.2608368469916449,0,0
real_user_389,76871,721,103,34,1,1,3348.1791799103135,188.61014597376436,106.61719833564494,4.600940960679681,0,0
fake_user_189,341456,5,99,66,1,0,515.3378633065544,2.7591143664228337,68291.2,0.15173169534961378,0,1
real_user_296,508,1007,489,19,1,0,23.388337057815445,0.8959460102384714,0.5044687189672294,4.780370682687779,1,0
real_user_362,4227,642,816,60,1,1,158.32888450011876,13.765623287871955,6.58411214953271,4.071315537922658,0,0
real_user_307,40774,608,1325,30,1,1,2625.9559174534816,362.45853764318747,67.0625,7.3292158117836586,0,0
fake_user_154,79208,1801,33,0,1,0,369.0,17.540569134528496,43.980011104941696,0.48800698052536173,0,1
real_user_153,2162,626,77,62,1,1,19.854554279004436,1.3251189710175493,3.4536741214057507,0.9796333603155405,1,0
fake_user_18,233484,96,5,0,1,0,1261.8026394587457,24.646905581237068,2432.125,0.5509797438111317,1,1
real_user_683,81378,970,102,4,0,1,2909.709928915444,312.5279120356336,83.89484536082475,3.959593306484649,1,0
fake_user_62,315845,64,270,0,1,0,2589.2365915150876,25.165704004212053,4935.078125,0.8277485144673178,0,1
real_user_168,1000,1459,1315,31,1,0,26.162388481702486,3.591195357394071,0.6854009595613434,2.9753583839096556,0,0
fake_user_6,452090,24,19,0,1,1,4144.59402180619,37.683765073142006,18837.083333333332,0.9250984951844393,1,1
fake_user_706,17530,577,373,5,0,1,2804.1501858621727,1005.633143531913,30.381282495667243,21.732933995402657,0,1
real_user_649,15711,1682,1410,21,0,0,30.92217909834193,1.9257018992159398,9.340665873959573,0.20907568580967392,0,0
fake_user_103,49254,443,0,13,1,0,370.0,15.91857136323094,111.18284424379233,0.7835273711033236,0,1
real_user_301,353722,472,1913,47,0,1,559.1254544101301,14.721331864327567,749.4110169491526,0.16223101369845747,1,0
fake_user_763,64840,1459,8,75,1,1,93.0,1.1774400251123065,44.441398217957506,0.14524589763280737,0,1
fake_user_3,472237,52,401,12,0,0,2797.678156135083,8.232126201162568,9081.48076923077,0.5941741715147787,0,1
real_user_157,785,647,1008,105,1,0,13.380085224013108,0.4668103177734954,1.213292117465224,1.7639357378072107,0,0
fake_user_125,14933,2285,70,0,0,0,3808.840669621436,1280.6074476820088,6.5352297592997814,34.08188654191016,0,1
fake_user_446,4595,2169,49,0,1,0,1102.8916309614501,204.34401989533518,2.1184877823881973,28.449089246067143,0,1
fake_user_48,6573,1089,154,26,1,0,708.3413739943974,97.22184178860509,6.035812672176308,12.255639978442149,0,1
real_user_796,3959,545,1191,64,1,1,63.04316678136524,7.558745326376851,7.2642201834862385,1.7833269034539554,1,0
fake_user_713,239919,57,18,0,0,0,336.8754486135011,1.502655963303486,4209.105263157895,0.14103847739312209,0,1
fake_user_172,37737,1282,6,56,0,0,218.0,6.698035064244538,29.43603744149766,0.5954316322554642,1,1
real_user_445,248,545,1667,272,1,0,10.73312522604072,1.4348927070287394,0.45504587155963305,4.90645884397962,0,0
fake_user_489,83078,1417,397,25,1,0,401.0,10.681280189093162,58.629498941425545,0.4955358580961183,0,1
fake_user_416,4417,1506,7,0,1,0,1254.1269854813954,440.20647626229163,2.9329349269588314,38.35937201140337,0,1
fake_user_627,229847,8,7,0,1,0,1874.775195402397,22.673045048580235,28730.875,0.8255266505331708,0,1
fake_user_534,83537,1376,5,0,1,1,481.0,22.895697551754132,60.710029069767444,0.6032006147596325,0,1
fake_user_47,435450,91,18,94,0,0,1139.7163340134698,3.681105116152301,4785.1648351648355,0.26257835322760875,0,1
fake_user_313,185815,16,465,20,1,0,220.1803692933615,1.7885858639029144,11613.4375,0.11945696265493336,0,1
fake_user_183,27841,1025,31,0,0,0,207.0,7.280413101280855,27.161951219512193,0.7696577461344092,0,1
fake_user_105,14173,2184,7,22,1,0,2587.288647455296,259.51933094171034,6.489468864468864,20.08613545753903,0,1
real_user_4,427,660,939,13,1,0,3.4379133531840296,0.4579570625447798,0.646969696969697,0.9123818303814542,0,0
real_user_134,1964,978,784,110,1,0,25.324827648410512,1.115471930858841,2.0081799591002043,1.346247432753022,0,0
fake_user_583,322051,85,317,0,1,0,1810.5116885978991,21.83304422705493,3788.835294117647,0.5689610443143955,0,1
fake_user_126,81109,1290,155,5,0,1,62.0,2.8060795750387517,62.875193798449615,0.07989998591406472,0,1
fake_user_376,463098,81,398,0,1,0,888.3383728305057,2.194707412374572,5717.259259259259,0.19229905554394108,0,1
real_user_39,372,236,1089,32,1,0,8.80759988710751,0.3412510713701409,1.576271186440678,2.4593685372251755,0,0
fake_user_673,5890,2276,250,21,1,0,1107.0555582967945,314.53756516005694,2.5878734622144113,24.135706680082368,0,1
real_user_85,45671,1318,460,131,1,0,1552.6073124388147,183.3823723007774,34.65174506828528,3.8010765797543122,0,0
real_user_665,790,388,1692,63,1,0,26.452745537219464,1.091310453814076,2.036082474226804,3.4865893659536122,0,0
real_user_449,893,1173,1223,133,1,1,28.998250400688868,2.0724627022845725,0.7612958226768969,3.479363169425917,0,0
real_user_615,702,370,271,81,1,0,1.0,0.09695145598488299,1.8972972972972972,0.15626089116593775,0,0
real_user_765,14715,1723,880,198,1,1,381.2921149450817,28.876343563568653,8.540336622170633,2.7874173191209675,0,0
real_user_584,21296,1326,1470,105,0,0,22.751091325885497,2.883022566282465,16.060331825037707,0.12037055734489088,1,0
real_user_483,967,789,1184,101,1,1,25.37955736701661,2.0058978676676538,1.2256020278833968,2.8320015754585586,1,0
fake_user_586,475456,54,37,0,1,0,1997.441776485778,20.151536628351565,8804.74074074074,0.4243491118240446,0,1
real_user_262,439,181,1899,59,1,0,1.0,0.11070098030123339,2.425414364640884,0.2530070570162263,0,0
fake_user_120,218666,58,5,33,1,1,698.5591897198228,5.079935823303971,3770.103448275862,0.3217871665202303,0,1
fake_user_235,65205,246,7,0,1,1,300.0,6.811346322676012,265.0609756097561,0.47053346571992327,0,1
fake_user_415,9885,230,446,13,1,0,64.0,1.1008485610024707,42.97826086956522,0.6585821806879358,0,1
real_user_283,57831,1567,1195,118,1,0,1253.3546142288253,63.149774861365,36.90555201021059,2.2764683112693715,0,0
fake_user_307,8806,1056,422,0,1,0,494.8327539251568,88.77668355056932,8.339015151515152,6.627406739447264,0,1
real_user_430,11658,1849,1291,202,1,1,175.20638838069405,24.69269393619232,6.305029745808545,1.7146944786145681,0,0
real_user_781,4540,831,1288,19,1,0,87.81175829166263,11.187365109574014,5.463297232250301,2.1805974317453005,0,0
fake_user_20,22867,1137,135,22,1,1,362.0,12.266843479091412,20.11169744942832,1.6367116083399282,0,1
real_user_800,5113,1512,594,198,1,0,120.12914328516112,3.96291608688012,3.3816137566137567,2.426991186623142,0,0
real_user_67,823,260,932,112,1,0,1.12160728763309,0.16139161664258705,3.1653846153846152,0.15589294098124873,0,0
real_user_659,815,420,1077,235,1,0,4.096947240648644,0.337160425033365,1.9404761904761905,0.5440622902677311,0,0
fake_user_475,16709,2272,403,0,1,0,2179.012748699731,395.52531809919583,7.35431338028169,15.40809184750091,0,1
fake_user_431,18548,908,7,5,1,0,357.0,15.661980019153273,20.427312775330396,2.009176083778053,0,1
fake_user_478,15869,1639,25,61,1,0,1746.1472319587858,477.75723396767665,9.682123245881636,14.014143713696278,0,1
fake_user_511,122304,48,34,0,1,1,940.3518483459346,6.982989309779543,2548.0,0.7745738795588977,0,1
fake_user_184,52069,1836,44,12,0,0,485.0,8.653995484683383,28.360021786492375,0.94807658200596,0,1
fake_user_369,88646,1679,244,16,0,1,64.0,0.1313300795857889,52.79690291840381,0.07234543022763103,0,1
real_user_231,587,329,1456,115,1,1,19.740797035291678,2.487349933615637,1.78419452887538,3.786737132692899,0,0
real_user_502,593,683,531,208,1,0,9.362480950340235,0.7696671206567958,0.8682284040995608,1.70862530708213,0,0
fake_user_795,292018,64,36,0,1,1,1344.4798544210291,24.397386083283365,4562.78125,0.4687646790623566,0,1
fake_user_32,17531,1181,3,26,1,0,4091.0727643330065,528.7441092227558,14.84419983065199,26.35227239493333,0,1
fake_user_254,63336,1259,2,88,1,0,198.0,3.80444920526034,50.30659253375695,0.31862518821090746,0,1
fake_user_246,71867,9,1,0,0,0,155.58168107992384,2.594849184812508,7985.222222222223,0.22009619194447572,0,1
real_user_343,50426,1873,630,13,1,0,628.8226843477029,19.81426333542311,26.922584089695675,1.286314495861512,0,0
fake_user_46,343587,83,70,25,1,0,3248.5186670101107,32.81053753261802,4139.6024096385545,0.9550213496269442,0,1
real_user_75,49098,516,1188,1,1,0,1088.0205209141523,52.14462217831973,95.15116279069767,2.32222319257907,1,0
real_user_677,920,629,1347,135,1,0,21.19851814278481,2.2444910945683905,1.4626391096979332,2.548153177973174,0,0
fake_user_669,362886,50,43,24,0,0,1566.599778509676,12.955555942651674,7257.72,0.43527590881222417,0,1
real_user_627,719,1009,1591,20,1,0,26.70139228155851,2.901051381858924,0.7125867195242814,4.117168798806318,0,0
fake_user_194,124954,79,34,14,0,0,959.5103321963021,18.702879461234602,1581.6962025316457,0.7828586613133928,0,1
real_user_14,593,479,1763,73,1,0,18.605134502545074,1.039268338679714,1.2379958246346556,3.3127154875589864,1,0
fake_user_552,14392,2711,267,99,1,0,969.1212257784913,168.6521478358345,5.308742161563998,7.905595981200151,0,1
real_user_497,93989,392,210,33,1,1,1622.059354575704,186.66878400485973,239.76785714285714,1.9244040670509992,0,0
real_user_450,248,638,10,131,0,1,2.4919203149336395,0.11278237760254865,0.3887147335423197,1.050283343764592,0,0
real_user_383,5042,1636,656,131,1,0,109.58410395108623,14.128875055959124,3.0819070904645476,2.4536489291361634,1,0
fake_user_428,14341,2132,11,27,1,0,1298.806445427754,222.2273830611004,6.726547842401501,10.606190840867823,0,1
real_user_657,2259,314,281,280,1,0,24.43816066269608,1.0972882791429854,7.194267515923567,1.130387292688759,1,0
fake_user_353,30860,9,41,14,1,0,129.6734886945868,1.1992285319103315,3428.8888888888887,0.42408527941185076,0,1
real_user_227,1810,546,1907,39,1,0,2.9352295998838485,0.34291866232497165,3.3150183150183152,0.18111316365794589,0,0
real_user_785,922,321,1768,145,1,1,37.394987476558924,0.8337322460403538,2.872274143302181,4.146281965574759,0,0
fake_user_604,16586,1830,42,31,1,0,137.0,5.307702659110481,9.063387978142076,0.8579989307796363,0,1
real_user_132,6055,1864,576,85,1,0,102.881460555252,8.596109357349357,3.2483905579399144,1.8410829052452744,1,0
fake_user_787,307823,53,17,0,1,0,1661.043512259116,32.45411147848578,5807.981132075472,0.5501530502066453,0,1
fake_user_212,35003,364,49,0,1,0,387.0,19.218326966122344,96.16208791208791,1.1605243178188223,0,1
real_user_488,9133,476,496,29,1,1,151.795720840012,11.085485470013982,19.186974789915965,1.7834359609112667,0,0
fake_user_781,466436,80,5,28,1,0,2762.835127016312,11.715464618141018,5830.45,0.5948405765495058,0,1
fake_user_662,13413,589,298,24,1,0,206.0,1.1974843062938185,22.772495755517827,1.5447512436165944,0,1
fake_user_630,271335,31,7,0,0,0,2346.5794755145644,3.0256793820095873,8752.741935483871,0.8659425267276887,0,1
real_user_120,93329,1979,1726,146,1,0,3235.8822620659716,347.15654805695084,47.15967660434563,3.8391483998788396,0,0
real_user_496,4896,1987,1456,138,1,0,179.05988306136288,15.595374282084611,2.4640161046804225,3.975801824825316,0,0
real_user_49,840,511,564,87,1,0,15.87966149093058,0.3929489519983815,1.643835616438356,1.9372155289201145,1,0
fake_user_675,325597,95,42,3,1,0,1641.4366569968224,24.10839098312273,3427.3368421052633,0.5115357475590823,0,1
fake_user_472,99325,958,283,0,1,0,304.0,8.212060518178099,103.6795407098121,0.3143338137610653,0,1
fake_user_792,8705,887,36,0,1,1,1874.1976061229145,195.08936100007094,9.813979706877113,23.77124603242947,0,1
real_user_524,92026,915,662,33,1,0,2477.8587460928647,71.01863926721477,100.57486338797814,2.7697361456111094,1,0
real_user_402,283,161,454,139,1,1,3.6080749777364054,0.5360504110929787,1.7577639751552796,1.4643552610704536,0,0
real_user_421,88935,1717,932,10,1,0,5163.986961642522,232.31214787092023,51.79673849737915,6.067688884593739,1,0
fake_user_748,35035,1183,155,0,0,0,244.0,2.1290066459409607,29.615384615384617,0.702523210064053,0,1
real_user_311,7397,1488,1281,47,1,1,141.08579632758284,3.7122190048782233,4.971102150537634,1.9575235275444243,0,0
real_user_348,7580,1569,35,5,1,1,150.9898693268652,8.70730226253955,4.8311026131293815,2.1068228441873975,0,0
real_user_189,804,327,976,209,1,0,9.718894394734384,0.27770823173240505,2.458715596330275,1.2433585356301977,1,0
fake_user_689,11949,1060,1,36,0,0,2966.496273678198,941.5133245794061,11.272641509433962,32.705746072956764,0,1
fake_user_597,481862,7,35,95,1,0,4551.659817080195,19.064529920066406,68837.42857142857,0.9485546374273673,0,1
real_user_131,43975,1894,941,11,1,0,1467.705535639045,90.33820719502836,23.21805702217529,3.543021586888171,1,0
real_user_393,2760,1416,574,126,0,0,151.8793049178146,10.188047458817108,1.9491525423728813,5.872005520892453,0,0
fake_user_300,31672,239,2,17,1,0,402.0,6.363225593469224,132.51882845188285,1.289350926981148,0,1
fake_user_43,285178,36,48,59,1,1,2591.7109805130635,13.57832199374062,7921.611111111111,0.9135660192955993,0,1
real_user_732,748,486,995,207,1,0,27.87908707514218,2.6669208936317355,1.5390946502057614,4.083690904916299,0,0
real_user_101,626,293,1390,48,1,0,16.331028108097154,2.3650113139386675,2.136518771331058,2.986587767098374,1,0
real_user_367,863,1324,149,39,1,0,9.718348416507478,0.9693665773656653,0.6518126888217523,1.238437426868267,1,0
fake_user_279,416124,1,9,66,1,1,3234.2373325940503,20.150437234037934,416124.0,0.7820716348559775,1,1
real_user_586,468,352,581,42,0,1,7.279620107532917,1.0310863844308358,1.3295454545454546,1.7757919854623403,0,0
fake_user_508,153008,72,20,0,1,0,620.0258603348889,8.575111461123516,2125.1111111111113,0.41082882711754437,1,1
real_user_66,808,73,683,215,1,0,57.110896481796026,5.895208124216932,11.068493150684931,7.797785223516454,1,0
real_user_699,86344,1878,134,102,1,1,53.06121148441316,7.242060223194739,45.9765708200213,0.06984072049894365,0,0
fake_user_667,30319,553,44,5,1,0,462.0,18.240861675053683,54.826401446654614,1.5839600965567917,0,1
fake_user_595,364189,93,12,4,0,0,1959.1932292979025,3.226125264032566,3916.010752688172,0.5388464106719135,0,1
fake_user_329,76131,1070,33,36,0,0,59.0,2.744773791460486,71.15046728971963,0.08110332688584215,0,1
real_user_773,6481,396,639,35,1,1,152.931344134016,18.26278259136619,16.366161616161616,2.641477036342882,0,0
real_user_425,419,637,1188,55,1,0,9.109866018815103,0.7852690163735273,0.6577708006279435,2.3616074069662605,0,0
real_user_587,6167,982,1766,68,1,0,76.12056215956873,4.332779905303789,6.280040733197556,1.3045782724967168,0,0
real_user_94,5972,1968,980,148,1,1,242.3274766264126,11.813777536270424,3.0345528455284554,4.255546787720747,0,0
real_user_635,32348,1724,547,209,0,1,34.6794136593265,1.7263308361700807,18.76334106728538,0.11254403516599658,0,0
fake_user_692,64474,4,4,0,1,0,248.71457457069266,4.70049081794437,16118.5,0.3930500130108835,0,1
real_user_698,452,185,1648,30,1,1,9.520696944360145,1.4239860290689244,2.443243243243243,2.421390038369263,0,0
fake_user_514,279895,46,31,23,1,1,613.9725834922903,7.949434002793924,6084.673913043478,0.2221983306222277,0,1
real_user_514,54737,969,23,278,1,0,2535.57109039713,75.08661384502265,56.48813209494324,4.769457047777833,0,0
real_user_414,284,248,615,72,1,0,1.0,0.12358091990927733,1.1451612903225807,0.39562708447509765,0,0
fake_user_174,7805,2084,483,0,1,0,463.23439193414924,122.55010868375267,3.745201535508637,7.505246644688045,0,1
real_user_20,906,237,1667,41,1,0,1.0251525778569506,0.12142567324456509,3.8227848101265822,0.12655389085005692,0,0
fake_user_797,9145,596,32,78,1,0,232.0,1.6997974484096827,15.343959731543624,2.555492591015961,0,1
fake_user_222,217925,43,0,0,1,0,1677.7293374558024,23.14560669206817,5068.023255813953,0.7804863802445202,0,1
real_user_526,217,472,1292,261,1,1,6.562974583638149,0.5584839679964837,0.4597457627118644,3.28177813439384,1,0
fake_user_280,54045,836,3,14,1,0,278.0,5.643995233186372,64.64712918660287,0.5248293000891597,0,1
fake_user_609,4847,1606,10,38,0,0,359.71669087235074,40.696169373653085,3.0180572851805727,8.261045187662551,0,1
real_user_103,1152,892,97,11,0,1,15.87967628444179,0.6411261413798731,1.2914798206278026,1.4340974327970193,0,0
fake_user_323,52930,1916,4,81,1,0,413.0,13.628666224583366,27.62526096033403,0.8060243080003464,0,1
real_user_126,625338,1452,1251,32,1,1,4654.251957571762,471.158598020733,430.6735537190083,0.8196224370808259,0,0
fake_user_149,59705,1072,47,19,1,0,170.0,2.3961801435629138,55.694962686567166,0.28874663787549265,0,1
real_user_743,3526,715,46,39,1,0,91.67248160799508,6.220327222825295,4.931468531468531,2.776313353114588,0,0
real_user_775,218,490,785,142,1,1,2.1532441406465916,0.04511239900468413,0.4448979591836735,1.0084204310326952,1,0
real_user_312,6346,1388,296,63,1,1,134.96049461553167,9.767267659150061,4.572046109510087,2.2806139658790063,1,0
real_user_361,9239,141,413,7,1,1,196.82660767793672,17.855674606846673,65.52482269503547,2.3236528010042576,0,0
fake_user_179,423720,83,38,0,0,1,4076.5932191574343,29.476995853719334,5105.060240963855,0.9690527270393547,0,1
real_user_648,2562,1190,1002,157,1,0,82.89496314140601,10.501586953153382,2.152941176470588,3.645454726563598,0,0
fake_user_80,36555,94,3,76,0,1,322.3506970415557,3.8326209648235605,388.8829787234043,0.8923083518161106,0,1
fake_user_139,7812,1011,3,0,1,1,1636.903205817036,259.27284699968607,7.72700296735905,24.272606922897104,0,1
fake_user_256,61013,672,1,0,0,1,363.0,7.244495936783176,90.79315476190476,0.6068288658757693,0,1
real_user_424,56390,1583,1352,93,1,0,2297.191973135053,213.51074977460198,35.62223626026532,4.452390003386514,0,0
real_user_772,83862,508,1006,113,1,1,953.7439405505282,32.49135606215385,165.08267716535434,1.176021674432618,1,0
fake_user_58,186040,52,486,0,0,0,1728.266892448051,25.52417356216932,3577.6923076923076,0.9426956923297249,0,1
real_user_354,55359,1489,1749,209,1,0,512.5769196593878,38.25041470473054,37.17864338482203,0.9950095456278445,0,0
fake_user_250,62892,1724,330,0,0,0,99.0,2.6878016020414983,36.480278422273784,0.1616863855530775,0,1
fake_user_22,80953,1006,368,0,1,0,54.0,0.1059654450444364,80.47017892644135,0.06683626974299216,0,1
fake_user_500,82396,364,109,74,0,0,448.0,16.119185706648842,226.36263736263737,0.5632787825946027,0,1
fake_user_618,76564,49,238,16,1,0,272.657627037217,2.2600162072894108,1562.530612244898,0.3590690706396041,0,1
real_user_336,7634,1120,582,110,0,0,360.34224994723485,21.418904469185858,6.816071428571429,5.000801079596813,0,0
real_user_363,6875,1257,1546,15,1,1,127.44233662650744,16.489910022496517,5.469371519490851,2.0935599512582392,0,0
real_user_304,6270,1475,761,61,1,1,177.17641387818458,8.40685958287623,4.250847457627119,2.959860820750571,0,0
fake_user_190,52815,56,9,21,1,0,243.02315497956363,2.376976414238602,943.125,0.46464097584739605,0,1
fake_user_326,321496,13,100,33,0,1,1994.3915980162967,14.129696532731527,24730.46153846154,0.6247422345998171,0,1
fake_user_318,71396,957,8,44,1,0,383.0,13.551155296217642,74.60397074190178,0.555424891165076,0,1
real_user_68,563,609,1331,139,1,0,24.60616054168886,2.4565253199847703,0.9244663382594417,4.806871378627642,0,0
real_user_12,566,236,1703,191,1,0,7.826887999948707,0.8726903361160577,2.3983050847457625,1.5370279745697464,1,0
real_user_371,360,92,1799,134,1,0,19.480510599544793,1.581434656995488,3.9130434782608696,5.850540349038967,0,0
fake_user_758,12223,1246,1,98,1,0,321.0,8.545074685861387,9.809791332263242,2.69610631339165,0,1
real_user_633,682,1014,360,93,1,1,10.83893511920218,0.5050846777974838,0.6725838264299803,1.6633460112902732,1,0
fake_user_622,202479,82,36,10,1,0,1392.9365364940768,25.33097961469429,2469.256097560976,0.7004516597320073,0,1
real_user_382,172,185,1244,34,1,0,10.020453512903957,1.2604100137141583,0.9297297297297298,6.558641585243091,0,0
real_user_750,5737,1862,1712,128,1,0,115.90705078158848,16.043604739367197,3.0810955961331903,2.2999939954846726,0,0
real_user_539,73405,1185,795,115,1,0,143.69890079965833,15.714194828337108,61.9451476793249,0.2171692604427429,0,0
real_user_614,71808,1377,969,59,1,1,139.0191035265422,7.787659105607089,52.148148148148145,0.2044434640042186,1,0
real_user_426,24913,1232,1838,59,1,0,1204.9325958265242,122.80844275622015,20.22159090909091,5.329510852096273,0,0
real_user_457,7789,1525,299,151,1,0,314.19505107522014,13.828801515296403,5.107540983606557,4.211373123514142,0,0
fake_user_624,8588,1334,34,18,1,0,2072.0014028208916,507.7741479171436,6.437781109445277,30.039305434769858,0,1
real_user_379,240419,1932,1763,143,0,0,4013.8103062529303,596.4316574279452,124.44047619047619,1.9175863653375462,1,0
fake_user_683,252730,44,4,0,1,0,1035.4079956091257,4.852934371862552,5743.863636363636,0.41160959521267293,0,1
fake_user_516,467923,49,10,20,1,0,919.8187366579297,3.5371771841562394,9549.448979591836,0.19733073899810138,0,1
real_user_494,55565,562,571,274,1,0,2293.476627656421,46.16478989953765,98.87010676156584,4.210638743014413,0,0
fake_user_635,55365,1281,183,0,1,0,64.0,3.116263870744017,43.22014051522248,0.12122507698138539,0,1
fake_user_51,14126,1973,5,0,1,0,1064.4573713098346,356.8954088935826,7.159655347187025,10.06196219880658,0,1
fake_user_759,264648,80,0,34,1,1,2612.1731467426926,35.29200313431945,3308.1,1.000372249129792,0,1
real_user_577,3452,1206,726,94,1,0,37.80700118027055,1.970738624485688,2.8623548922056385,1.1523099595815827,1,0
fake_user_208,66565,379,11,95,1,0,126.0,3.844900995432486,175.63324538258576,0.19506482535181022,0,1
fake_user_611,60243,1057,287,0,1,0,146.0,2.476977891393715,56.994323557237465,0.24646345283500776,0,1
real_user_666,5086,704,277,31,1,1,263.1322714213938,27.88186671521929,7.224431818181818,5.721866656244851,1,0
real_user_141,4175,209,713,50,1,0,63.99928281179478,4.886766703367302,19.976076555023923,1.6499652578481936,0,0
real_user_265,94821,1395,676,95,1,1,563.866163222729,33.72881340028772,67.97204301075269,0.630234838931267,0,0
fake_user_533,25847,1025,411,0,1,0,375.0,4.7486794976859095,25.216585365853657,1.4692176248604707,0,1
real_user_245,8637,211,1297,34,1,0,176.2280976727792,22.308800395534856,40.93364928909953,2.2986789170813253,0,0
real_user_484,543,557,1605,42,1,0,1.0244943657033196,0.10605325804095611,0.9748653500897666,0.2082039822733473,0,0
fake_user_686,22485,581,36,33,1,1,90.0,2.1633696964129343,38.70051635111876,0.40988823525200324,1,1
fake_user_779,21371,97,9,0,1,0,110.29918332583968,1.0660214757091642,220.31958762886597,0.521104322687515,0,1
real_user_503,883,920,1528,16,0,0,16.621367329795,2.048293077941106,0.9597826086956521,2.1143443270369313,1,0
fake_user_339,50422,641,46,12,0,0,314.0,5.551262344728755,78.66146645865835,0.6337536439346491,0,1
fake_user_145,396563,37,1,0,1,0,1023.2584519946012,11.274436872723433,10717.918918918918,0.2608747888399383,0,1
real_user_571,99516,163,123,46,1,0,1716.2131069496174,184.26928653127652,610.5276073619632,1.909725464730188,0,0
real_user_40,806,547,1754,7,1,1,21.64935328193777,3.016195055898006,1.4734917733089579,3.0602417292600217,0,0
fake_user_367,5909,731,43,0,0,0,357.9442457283182,72.00878599961574,8.08344733242134,7.276240171398442,0,1
real_user_761,7413,1585,95,5,1,1,363.9398816712869,38.81389696204927,4.676971608832807,5.433074040649348,0,0
fake_user_305,499385,31,27,0,1,0,3819.444811705512,8.240954784713512,16109.193548387097,0.7664799236040782,0,1
real_user_452,71846,997,1066,40,1,0,4231.098961746424,526.4769945482404,72.06218655967903,6.621907908992378,1,0
real_user_771,7909,1747,1060,35,0,1,158.83591542872458,16.08756477256893,4.527189467658844,2.2117016083107033,0,0
real_user_217,350,480,1257,100,1,0,1.0,0.07123594584490356,0.7291666666666666,0.30606741309854385,0,0
fake_user_436,18361,505,21,80,1,1,90.0,0.3791410989758449,36.35841584158416,0.49223430694938103,0,1
real_user_661,55288,683,1647,36,1,0,1198.0897768061982,121.82264723049228,80.94875549048317,2.387339791702884,1,0
fake_user_388,426506,11,8,0,1,1,2478.477290542761,9.463267337816294,38773.27272727273,0.5833307287307979,0,1
real_user_523,6547,1893,1197,23,1,1,370.6816166200336,52.929104349062925,3.458531431590069,6.470302748878823,0,0
real_user_133,786,1217,1611,10,1,0,3.1894860150374345,0.3382529699808627,0.6458504519309778,0.44882175381912176,1,0
real_user_388,4678,1280,623,76,1,0,356.1808068685979,10.449685852543524,3.6546875,7.837334175312985,1,0
fake_user_650,3476,1421,8,4,1,0,253.16415247647473,51.72106797267922,2.446164672765658,8.77115133628176,0,1
real_user_768,6837,1897,1972,133,1,0,7.56421736197561,0.8079573626733546,3.6041117554032684,0.12245392313366922,0,0
fake_user_518,43837,66,9,94,1,1,324.1384115074974,0.9439358403149255,664.1969696969697,0.7415706990620077,0,1
fake_user_166,294992,39,97,10,0,0,1849.213829556419,19.962037257221304,7563.897435897436,0.6336361212553696,0,1
fake_user_582,48708,1462,260,43,0,0,334.0,7.422445000038186,33.316005471956224,0.7009576352961283,0,1
real_user_415,439,528,1643,71,1,0,10.041839199764022,0.29537590454941604,0.8314393939393939,2.354718702577093,0,0
fake_user_569,59357,1106,93,17,1,0,124.0,1.7367793530760403,53.668173598553345,0.21183142570055097,0,1
fake_user_530,9301,2162,47,57,1,0,644.0894885809325,216.95905486188093,4.3020351526364475,9.257591048734689,0,1
fake_user_319,255531,61,22,33,1,0,2063.3340373124606,5.450669901234107,4189.0327868852455,0.8096022428643471,0,1
real_user_177,725,565,1752,14,1,0,33.03652577779566,2.556993147755439,1.2831858407079646,4.909450886282911,0,0
real_user_552,4527,1367,320,39,1,0,43.89619567168865,1.5802877947060052,3.3116313094367227,1.0045611545481479,0,0
real_user_84,7647,1324,1781,93,1,1,11.404211223394904,1.3456596415705901,5.775679758308157,0.16673036308311096,0,0
real_user_509,854,576,1135,7,1,0,24.79632788007201,2.089826048736543,1.4826388888888888,3.1482615841696195,1,0
fake_user_402,3056,1814,427,33,1,0,837.363644943275,216.42456479132494,1.6846747519294376,34.48259848607984,0,1
real_user_604,776,895,797,75,1,0,23.534975893325434,1.9056926149269355,0.8670391061452514,3.2784366634345834,0,0
real_user_258,978,1148,947,60,1,0,7.073452424990709,0.7745283220228423,0.8519163763066202,0.8024520191220399,0,0
fake_user_374,3274,1445,19,17,0,0,674.0055477033897,86.63148113448901,2.2657439446366783,23.232652072018286,0,1
fake_user_616,55487,1870,49,0,0,0,98.0,0.2862402335265207,29.672192513368984,0.1771338155487349,0,1
real_user_565,125,427,590,98,1,0,4.049390984717527,0.1984522332340044,0.2927400468384075,3.398274574361225,0,0
real_user_263,9977,928,1550,96,1,0,40.74336994515505,2.680432987300408,10.751077586206897,0.4352390792067301,1,0
real_user_152,4766,1935,870,103,1,1,3.6987652726190867,0.34260914509886226,2.4630490956072353,0.08479593826516889,1,0
real_user_99,981,1105,981,102,1,1,23.001225988593234,1.5895141265293153,0.8877828054298642,2.506701336913614,0,0
real_user_556,3856,667,1232,45,1,0,86.48284854997414,6.157863781050333,5.7811094452773615,2.4025080998709667,0,0
fake_user_380,7636,1021,8,65,1,0,1993.7962392819968,260.3173564875455,7.47894221351616,29.519559923645133,0,1
real_user_712,64676,876,651,161,1,1,1084.185288211277,155.21923536915446,73.8310502283105,1.9163283498986199,0,0
fake_user_327,84512,310,27,1,0,0,204.0,8.998821778435413,272.6193548387097,0.25203381978705436,0,1
fake_user_310,281574,50,425,6,1,0,395.54024215686474,7.54969539823302,5631.48,0.14315595103066966,0,1
real_user_156,247,178,359,174,1,0,9.377180406905218,1.1795724601178508,1.3876404494382022,4.2739890149890964,0,0
fake_user_789,225606,81,5,0,1,0,553.2767385753671,5.610171823360434,2785.259259259259,0.24772697109063038,0,1
fake_user_606,106298,35,12,13,1,0,1018.1002939021316,13.208997961133331,3037.0857142857144,0.9702057346923412,0,1
fake_user_435,51879,685,230,14,0,0,187.0,0.7652431216614874,75.73576642335766,0.36192918738152524,1,1
real_user_147,87006,195,1168,84,1,1,2617.583867087591,137.8189546899741,446.18461538461537,3.16691127253013,0,0
real_user_717,68190,403,1894,26,0,0,1617.5834643893484,34.925560837191135,169.2059553349876,2.4233890969739544,0,0
real_user_202,65914,1607,879,148,1,1,2893.423401789143,318.5856576578065,41.01680149346608,4.873030098987999,0,0
fake_user_410,13126,956,20,15,0,0,3033.4138153481113,1035.9969104461038,13.730125523012552,31.00267199294694,0,1
real_user_180,527,327,1011,140,1,1,25.315860629590087,1.4801831559972223,1.6116207951070336,5.084638289485258,1,0
fake_user_712,361761,80,17,2,0,0,3358.765858019444,40.56234527665187,4522.0125,0.939661324271023,0,1
real_user_65,388,686,106,67,1,0,8.523438124286322,0.20269762228974708,0.565597667638484,2.249004058395894,0,0
real_user_737,2096,1214,1797,61,1,0,15.569236224304705,2.089100421479019,1.7265238879736409,0.8424778934057121,0,0
fake_user_724,14717,1061,16,21,0,0,2440.253314844891,818.1162599705784,13.870876531573987,22.14017513634212,0,1
fake_user_243,6715,1372,21,0,0,0,88.0,2.895095677416331,4.894314868804665,1.3536127427761182,1,1
real_user_229,67632,1241,546,145,1,1,380.8923986477224,46.39462736637286,54.49798549556809,0.6317823308701431,1,0
real_user_315,53481,718,1099,70,1,0,1202.6971352651638,97.59266579162923,74.48607242339833,2.431311682759846,1,0
real_user_102,28909,1246,1590,99,1,1,827.3633328906523,66.61083951816171,23.201444622792938,3.0923732139085196,1,0
real_user_529,319,517,1946,221,1,1,1.646667462406064,0.16058573519390404,0.6170212765957447,0.5665370525391749,0,0
fake_user_458,168817,15,29,37,0,0,829.1247805850938,2.5708274901810753,11254.466666666667,0.4926610519528691,0,1
fake_user_359,16946,381,9,96,1,0,262.0,2.9987243059390747,44.47769028871391,1.5637833371057421,0,1
real_user_356,24817,1630,1214,213,0,1,968.3562510190042,107.11045615059527,15.225153374233129,4.333588697947373,1,0
fake_user_349,442359,49,436,1,1,0,3053.5288628802446,42.198989327235424,9027.734693877552,0.6998225089141353,0,1
real_user_95,588,930,1750,270,1,0,1.0,0.08949731188382404,0.632258064516129,0.18528865848364354,1,0
real_user_437,54132,524,1017,123,1,1,887.851688614475,44.13720139985447,103.30534351145039,1.7216967597988797,0,0
real_user_355,580,843,338,63,1,1,1.0,0.04313664136117117,0.6880189798339265,0.1798511450622709,0,0
real_user_747,976,1002,16,91,1,1,40.97104462559232,2.2633528633370625,0.9740518962075848,4.42975384107883,1,0
real_user_541,37890,1085,1982,116,1,0,66.72307269786941,4.963505006459137,34.92165898617512,0.18919656295679216,0,0
fake_user_38,16708,319,25,11,1,0,448.0,6.180520416602533,52.376175548589345,2.7183416352442094,0,1
fake_user_615,13177,1101,5,0,1,1,872.0878455552671,346.10745159986936,11.96821071752952,9.244860720612706,0,1
fake_user_443,430500,90,473,0,1,0,4293.201189503179,57.953692003834504,4783.333333333333,1.0107212268308974,0,1
fake_user_334,379539,61,3,34,1,0,2674.0496098196063,36.5567962136979,6221.950819672131,0.7141838931001305,0,1
real_user_197,93988,986,816,250,0,0,662.9002335208124,26.289390169054624,95.32251521298174,0.7332740601883933,0,0
fake_user_21,99309,20,47,3,1,0,516.429447928383,2.3886680399224254,4965.45,0.5224280940985262,0,1
fake_user_68,26332,1229,464,0,1,0,342.0,16.98041016605466,21.425549227013832,1.3632857745938578,0,1
fake_user_663,58851,1102,44,0,0,0,474.0,13.493262416571252,53.4038112522686,0.828351705861534,0,1
real_user_298,932,1104,1368,121,1,1,21.442630445261464,1.063800460190746,0.8442028985507246,2.41485310144337,1,0
real_user_533,6018,789,555,141,1,0,147.83575427442653,6.2192634686999515,7.6273764258555135,2.5599039173002076,0,0
fake_user_168,334061,94,41,0,0,0,1791.8454292102156,21.17990305728287,3553.840425531915,0.5427228357298512,0,1
fake_user_484,64118,4,26,56,1,0,630.0743018591196,12.247446918055628,16029.5,1.001780699300002,0,1
fake_user_325,2260,781,11,0,0,0,598.3363966982082,118.80831973741259,2.893725992317542,31.732067098921274,0,1
fake_user_134,37194,564,260,22,0,0,459.0,21.822921337172165,65.94680851063829,1.2927432417518208,0,1
real_user_286,9071,1953,99,48,1,0,401.4938615493032,38.694044154905455,4.644649257552484,4.852694363402145,1,0
real_user_207,8171,503,1203,36,1,0,47.03675300954342,3.180473257441492,16.244532803180913,0.6145787084443142,0,0
fake_user_28,33936,1170,32,50,0,0,122.0,4.940188472985896,29.005128205128205,0.3740576039397274,0,1
real_user_279,402,196,272,87,1,1,9.279664351307463,0.8724797770561423,2.0510204081632653,2.5254089871551257,1,0
fake_user_121,96521,1044,3,39,0,1,380.0,14.869537163812863,92.45306513409962,0.40910220279919696,0,1
real_user_612,9562,1682,1955,89,1,0,243.77360476388586,5.750367230624524,5.684898929845422,2.6095374607248525,0,0
real_user_273,1835,1467,1972,287,1,0,64.98124108916161,4.565440663735055,1.250852079072938,3.7900099047900095,0,0
real_user_100,1101,84,361,8,1,1,2.0179285775224494,0.10625958284125217,13.107142857142858,0.19293262128643973,0,0
fake_user_52,79319,720,437,67,0,0,411.0,4.527953562640208,110.16527777777777,0.5238693800509843,0,1
real_user_591,6378,190,1845,96,1,1,110.43264752680034,3.5276551067108204,33.56842105263158,1.7867717565617929,0,0
real_user_564,9514,1866,42,85,1,1,60.63003474826361,7.533200769225177,5.098606645230439,0.7164519184095941,1,0
fake_user_384,11557,990,337,0,1,1,1734.57706682483,448.4558745736092,11.673737373737374,18.889270064882226,0,1
real_user_492,988,78,1221,96,1,1,31.550694232764272,2.1605925692878762,12.666666666666666,3.412073562960744,0,0
fake_user_528,12999,1673,352,72,1,0,3486.2357689297933,1273.4581771351786,7.7698744769874475,36.615846957958084,1,1
real_user_562,28852,1389,1342,21,1,0,470.45280191024796,65.11210362553908,20.77177825773938,1.8562488060993592,1,0
real_user_463,5335,1881,1625,147,1,0,179.06701666771136,16.11334828971325,2.8362573099415203,3.658488565275063,0,0
real_user_559,8084,1985,341,87,1,0,198.23044182956525,21.71817918681249,4.072544080604534,2.7207894732357465,0,0
real_user_527,970,360,89,23,0,0,56.089674207093715,6.775787501625742,2.6944444444444446,6.480975433888604,1,0
real_user_667,181,212,599,53,1,1,1.0,0.10429045057185603,0.8537735849056604,0.6101052213104177,0,0
fake_user_433,13523,1304,351,4,0,0,836.8328232755982,104.25230839260001,10.370398773006135,6.959144654797001,0,1
real_user_417,348,224,1165,40,1,0,8.515275543078175,0.4582057112372111,1.5535714285714286,2.5785865673320076,1,0
fake_user_796,10379,665,12,26,1,0,979.7150164288059,114.92077535181349,15.607518796992482,10.54664025224607,0,1
fake_user_656,35634,1521,347,65,0,0,91.0,3.156427873811472,23.42800788954635,0.2642319915637073,0,1
fake_user_466,11616,345,6,0,1,0,241.0,1.5369312754521938,33.6695652173913,2.0879556755806834,0,1
fake_user_559,5931,2442,4,0,1,1,996.7165297663715,357.88863462571874,2.4287469287469285,22.839405907807965,0,1
fake_user_449,11184,2163,32,81,0,0,947.2442666905097,122.99748270168767,5.170596393897365,9.569400477398045,1,1
real_user_176,3912,1886,1215,75,0,0,127.51526208207319,13.338217106403647,2.0742311770943798,3.6005490590101448,0,0
fake_user_551,449668,62,290,10,1,0,2393.648708434644,42.712355401782354,7252.709677419355,0.5418133075594497,0,1
fake_user_536,357737,62,301,98,1,0,435.2831173731664,2.2838104568530215,5769.951612903225,0.12231525613230375,0,1
real_user_456,77435,88,68,33,1,0,2388.4080328450227,213.87251193523807,879.9431818181819,3.3605999157748574,0,0
real_user_581,234,547,1128,116,1,1,3.0568605944942626,0.08386256571209878,0.42778793418647165,1.3421893847035733,1,0
fake_user_45,8635,2499,239,0,0,0,2314.793863337757,729.822185688925,3.4553821528611444,35.2590162018145,0,1
real_user_338,69758,469,462,138,1,0,4161.9285506995875,496.88116139238593,148.73773987206823,6.678531081871577,1,0
real_user_2,5894,1024,36,10,1,0,35.722628155814824,2.8796861042836377,5.755859375,0.6549425561604761,0,0
real_user_711,60118,909,894,18,1,0,1125.664294582669,79.49934645335975,66.13641364136414,2.00466356338539,0,0
real_user_474,401,873,343,34,0,0,18.64192724520987,2.381258491514842,0.45933562428407787,5.242689709906412,0,0
fake_user_745,314769,40,18,32,1,0,837.5156435310296,8.983778966899472,7869.225,0.2689271886678577,0,1
fake_user_447,23263,393,472,0,0,0,378.0,9.563052003297274,59.19338422391858,1.6660063276589316,0,1
fake_user_175,140590,89,300,0,1,0,277.30090839703144,4.324781993407304,1579.6629213483145,0.20031701429009088,0,1
fake_user_727,20877,1514,175,0,1,1,499.0,21.147487344421585,13.789299867899604,2.4914857850477636,0,1
fake_user_644,39794,263,6,29,1,0,373.0,5.338406407232449,151.3079847908745,0.9507423390642622,0,1
fake_user_61,60743,1489,15,29,1,0,317.0,1.5687759638336918,40.79449294828744,0.5244534777074455,0,1
fake_user_439,41280,47,112,24,0,1,141.60597939247717,2.824895746330472,878.2978723404256,0.3498809959757937,0,1
fake_user_585,10510,1864,20,0,0,0,118.0,2.175306648066531,5.638412017167382,1.1434377416561992,0,1
fake_user_257,68535,247,37,0,0,0,335.0,4.5320019152938436,277.46963562753035,0.4954140248271596,0,1
fake_user_248,28933,861,6,63,0,1,308.0,10.708005008764443,33.60394889663182,1.1015380534640875,0,1
fake_user_647,127097,66,305,0,1,0,946.311324311795,1.5969254809344446,1925.7121212121212,0.7458148105720274,0,1
real_user_106,67560,1308,1007,107,1,1,2197.3303530325843,112.3156781785142,51.65137614678899,3.418659016002218,0,0
fake_user_283,1224,2802,306,0,1,0,195.29731423241768,21.414483687775203,0.43683083511777304,17.70521224838177,0,1
fake_user_771,357093,80,25,0,1,1,470.8787234415135,8.645282023006054,4463.6625,0.13428546778136777,0,1
fake_user_487,366353,46,10,0,1,1,1683.5995685218272,23.576598390295274,7964.195652173913,0.46599213515710874,0,1
real_user_335,252,332,383,11,1,0,6.11827760043616,0.6240141139286457,0.7590361445783133,2.675512585065399,0,0
fake_user_238,70312,1291,405,24,1,0,109.0,0.6840274940395634,54.463206816421376,0.15599617063095852,1,1
fake_user_261,16312,1198,436,26,0,0,158.0,7.532509227771504,13.61602671118531,1.0147897819260145,1,1
fake_user_232,5466,1557,5,50,0,0,1103.0184160772553,348.00093648068537,3.510597302504817,26.546274287558376,0,1
real_user_748,46618,1898,678,76,1,1,1171.308157062139,60.49102832330487,24.561643835616437,2.6423252507302837,0,0
real_user_243,6973,1437,1179,47,1,1,397.1866380253936,39.972603996127944,4.852470424495476,6.269313667309932,0,0
real_user_664,48010,1780,1625,103,1,0,1934.4019394693412,256.92489347068727,26.971910112359552,4.564313336679918,0,0
fake_user_40,6051,2772,191,0,1,0,714.0573469732689,89.87406424508112,2.182900432900433,13.285926478571309,0,1
fake_user_736,6611,2688,19,62,0,0,1057.536182150444,275.94754221714373,2.4594494047619047,20.170681052300523,0,1
fake_user_186,98146,52,2,52,1,0,184.15740164533554,1.4000643343424635,1887.423076923077,0.18906268821926314,0,1
fake_user_765,119357,58,9,16,1,0,334.4033026388783,0.4503046729536959,2057.8793103448274,0.28054794214987977,0,1
real_user_142,285,339,669,7,1,1,8.514928072615975,1.1000346157396887,0.8407079646017699,3.373671118721286,0,0
fake_user_648,13894,2973,393,48,0,0,2201.2111410581606,392.32264161331494,4.67339387823747,18.666573936026165,0,1
real_user_583,963,857,1405,93,1,1,26.143953313703303,2.8919164382139377,1.1236872812135357,3.0151474301056322,0,0
real_user_58,842,942,518,9,1,0,1.1136836648071335,0.0763566528982417,0.8938428874734607,0.14133495459683793,1,0
fake_user_674,333132,0,60,0,1,0,1308.903598553211,7.894743331211143,333132.0,0.39527825062870636,0,1
fake_user_303,54892,1203,313,0,1,1,130.0,4.770477371779688,45.629260182876145,0.24551934229355768,0,1
fake_user_290,131069,1,7,0,1,1,242.7344220610933,3.509326051585417,131069.0,0.18787337060073606,0,1
real_user_212,63483,904,497,164,1,1,51.077450820106826,3.529415706115,70.22455752212389,0.08601809386169813,0,0
real_user_128,7365,197,1368,133,1,1,285.4427279860053,15.831468123574796,37.38578680203046,4.090620449553022,0,0
fake_user_397,76055,65,9,6,0,0,711.3904165587109,3.1820134802897595,1170.076923076923,0.9395469463401495,1,1
real_user_654,223113,1429,1995,46,1,0,2921.3597400311596,326.40937469738253,156.13226032190343,1.4556610841719408,0,0
fake_user_412,14435,2473,44,0,1,0,1180.5323469396642,336.51104470455635,5.837040032349373,10.5094796788654,0,1
real_user_395,647,702,1105,108,1,0,8.78331694722264,0.487044567962374,0.9216524216524217,1.432822490755025,0,0
real_user_470,765113,1361,1750,81,1,0,3715.3641782805635,362.89204464477496,562.1697281410727,0.533026653961616,0,0
real_user_293,5042,1129,939,3,1,0,3.209525541105611,0.14208688449095874,4.465899025686448,0.06647386802055871,0,0
fake_user_512,89476,599,7,0,1,0,85.0,2.318955244031064,149.37562604340567,0.0975892476686833,0,1
real_user_175,7509,62,1900,109,0,0,111.80689028898524,14.625288720818157,121.11290322580645,1.683741896521553,1,0
real_user_260,768,1203,784,12,1,0,17.68734075657326,0.4687447473929898,0.6384039900249376,2.364073633328939,0,0
fake_user_794,491506,21,46,15,0,0,4389.601377210069,66.3117422870788,23405.04761904762,0.9065836672384768,0,1
fake_user_239,97194,1762,21,3,1,0,425.0,8.38429875010951,55.16118047673099,0.44589614456664967,0,1
real_user_644,611,60,547,79,1,1,14.649017914096515,1.4070300416483803,10.183333333333334,2.62783108931995,1,0
real_user_164,718,724,1033,124,1,1,17.638544924183353,1.3110696325933375,0.9917127071823204,2.6392220831165307,1,0
fake_user_680,7029,1586,2,0,0,0,418.0,12.291473272486636,4.431904161412358,6.121659884371698,0,1
fake_user_601,16105,2121,20,66,1,0,1257.7930378632695,189.34771601861286,7.593116454502593,8.985661309418704,0,1
fake_user_628,314042,63,7,53,0,0,2357.9182370069425,11.09495743650406,4984.793650793651,0.754361898868128,1,1
real_user_429,11722,69,943,36,1,0,226.8192126681794,6.8228006880761685,169.8840579710145,1.993192401947241,0,0
real_user_589,167,585,1132,31,1,1,2.509882561372484,0.07351764301262048,0.28547008547008546,1.5469462301707209,1,0
fake_user_483,19959,2923,473,8,1,1,5516.719524011363,1497.174653116408,6.828258638385221,35.14151098315432,0,1
real_user_518,514,385,1311,163,1,0,30.800939691092882,3.7679357313381074,1.335064935064935,6.725462144441827,1,0
fake_user_350,232452,17,40,10,1,1,675.0114550305071,11.915900085599391,13673.64705882353,0.295513635122996,0,1
real_user_17,758,902,277,275,1,1,30.548450976968212,0.7936341481564034,0.8403547671840355,4.134839726269738,1,0
fake_user_71,485350,46,34,0,0,0,789.685271151749,9.963859696499416,10551.08695652174,0.1647572124957759,0,1
fake_user_566,28167,855,303,92,1,0,309.0,3.5272837626620133,32.94385964912281,1.1095511902675543,0,1
real_user_422,808,738,1266,271,1,0,25.520330602280154,2.8982623082008754,1.094850948509485,3.5171525879308203,0,0
real_user_638,2337,1057,78,28,1,0,122.70654859407894,12.613572740229042,2.210974456007569,5.790334674125288,1,0
fake_user_417,115269,14,9,0,1,0,1105.5797791336308,19.12840630293063,8233.5,0.9757247702648254,0,1
fake_user_50,274695,44,423,9,1,0,1678.5579295798025,9.099426996907892,6243.068181818182,0.6143749819169297,0,1
fake_user_547,62761,1812,76,0,0,0,418.0,17.68986923336705,34.636313465783665,0.6942047915638169,0,1
fake_user_44,95982,1842,15,59,1,0,408.0,2.621120630232799,52.10749185667753,0.4278105484676635,1,1
real_user_140,516,1013,550,60,1,0,11.936966505648574,0.5558566449953108,0.5093780848963475,2.4210897578767216,0,0
real_user_266,655,625,901,84,1,0,10.19414646640443,0.929518426853839,1.048,1.6982694493524075,0,0
real_user_145,874,443,369,34,1,1,42.53984970166036,3.6100802371208327,1.9729119638826185,5.280312349974965,1,0
real_user_405,3430,73,1424,33,1,1,327.16909141470956,44.95446872364077,46.986301369863014,10.849083385957737,0,0
real_user_620,168,524,584,144,1,1,1.3738672991780918,0.048609945058902,0.32061068702290074,0.8467126453791629,1,0
real_user_599,53903,210,1577,102,1,0,2161.778844302397,163.9546791906227,256.68095238095236,4.314664347982523,0,0
real_user_183,163,647,973,248,1,1,1.0,0.0973720971450138,0.25193199381761977,0.6732344154263888,0,0
fake_user_459,78474,883,476,0,1,0,107.0,1.5064649775102659,88.87202718006795,0.1382705927791501,0,1
fake_user_726,15407,2406,9,0,0,0,1447.2483156363392,332.7429910150662,6.403574397339983,11.553133683724317,0,1
real_user_87,963,1013,925,17,1,0,6.55925153196751,0.7843148232246452,0.9506416584402764,0.7625717918164231,0,0
real_user_369,223,353,533,115,1,1,6.753161199790361,0.47770502997575137,0.6317280453257791,3.2425409102090184,0,0
real_user_368,99761,955,673,74,1,0,1436.0693021688044,198.9979808581009,104.46178010471205,1.6389844558764501,1,0
fake_user_612,20017,77,22,80,1,0,88.18385673814508,0.4446522359068565,259.961038961039,0.44276619360569486,0,1
real_user_689,8267,244,1122,92,1,0,87.8739181586743,11.539427240308608,33.881147540983605,1.2025323019110066,0,0
fake_user_241,382800,69,17,12,0,0,2515.3297091307886,27.912456989499837,5547.826086956522,0.6643788312748925,0,1
real_user_658,40070,183,1131,34,1,0,299.98107877144275,30.889740313233627,218.96174863387978,0.8257320166824965,1,0
real_user_97,6360,1269,1890,48,1,1,284.45685981033796,22.595201972778476,5.011820330969267,4.827862606652774,1,0
fake_user_7,185524,28,42,29,1,0,618.3936494500357,9.123326139372837,6625.857142857143,0.3382403223245556,0,1
real_user_725,839,1210,1931,32,0,0,29.48692743188475,3.335600529101312,0.6933884297520662,3.91210106805555,0,0
fake_user_658,14979,2338,49,0,1,0,1132.6565287857375,406.54616947191465,6.406757912745936,10.2757373540133,0,1
fake_user_385,7141,2212,4,27,1,0,2016.8807636930699,703.6605072688117,3.2283001808318263,38.0974831390825,0,1
fake_user_424,32871,1694,478,0,0,1,394.0,2.907599212612249,19.404368358913814,1.207470412255825,0,1
fake_user_568,66562,1263,31,20,0,0,50.0,0.0707711815572685,52.701504354711005,0.07522425885874413,0,1
fake_user_182,29730,1943,27,0,1,0,488.0,14.111839350985452,15.301080802882142,1.6889062877597898,0,1
fake_user_730,2664,778,33,0,0,1,311.8781968967832,123.01878997218483,3.424164524421594,16.324961969555858,0,1
fake_user_540,40284,657,16,0,1,1,242.0,11.645244586430362,61.31506849315068,0.6296426486605857,0,1
real_user_19,9579,1030,636,18,1,0,6.1274677590723385,0.23040679249651091,9.3,0.06637305096115304,1,0
real_user_53,175,109,118,22,1,0,1.0,0.1201266393987276,1.6055045871559632,0.6400723653707016,0,0
real_user_434,9269,370,1902,126,1,0,505.8598189519863,35.58583181041315,25.05135135135135,5.841467804103997,0,0
fake_user_672,19869,719,349,84,0,0,270.0,12.843774743310824,27.63421418636996,1.4235430808964256,0,1
fake_user_699,58223,623,20,0,0,1,271.0,5.542017474702573,93.45585874799357,0.4749704025465925,0,1
fake_user_137,16275,2831,41,59,0,0,2305.3962023338822,783.4728392737418,5.748851995761215,18.979226062105216,0,1
fake_user_352,2945,765,42,16,1,0,448.0426946755976,153.51225253736345,3.849673202614379,20.426313997044517,0,1
fake_user_393,363652,84,14,22,1,0,3506.291774001486,37.97355402570683,4329.190476190476,0.9746310560720669,0,1
fake_user_249,41146,1194,0,0,0,0,196.0,2.1712861213339174,34.460636515912896,0.48162952928919917,0,1
real_user_226,5959,1721,790,0,1,0,386.6812576296729,50.76919268270694,3.4625217896571763,7.341004368390331,1,0
real_user_744,95255,1144,1055,102,1,0,2998.953834441221,139.46205922076865,83.26486013986013,3.2947518698881844,0,0
fake_user_42,80553,1278,37,26,0,0,411.0,5.695737151843608,63.03051643192488,0.5172938775115062,1,1
fake_user_741,19712,1982,404,0,0,0,5874.984318188373,884.6898793708307,9.945509586276488,34.29217835612421,0,1
fake_user_56,96338,78,20,0,1,0,881.2051256122506,9.076047523384052,1235.1025641025642,0.9241225405713578,0,1
fake_user_223,6128,428,253,24,1,0,454.0,11.976425859436418,14.317757009345794,7.604053946792369,0,1
real_user_314,4379,390,1205,100,1,1,73.31081154218461,9.821434434159807,11.228205128205127,1.8984299149656183,1,0
fake_user_360,468603,91,446,20,0,0,4332.887753540861,68.54064907041523,5149.483516483517,0.9392659463578501,0,1
fake_user_141,91185,458,2,17,1,0,293.0,5.023079849140458,199.0938864628821,0.3268334483184081,0,1
fake_user_392,92453,732,35,41,0,0,199.0,9.509478433574197,126.30191256830601,0.2255302461072915,1,1
real_user_213,481,159,1478,29,1,0,8.59096219265518,0.8292098088379142,3.0251572327044025,1.9584557175661317,1,0
real_user_396,314,597,1204,132,0,0,15.33223936761777,0.8959652066852398,0.525963149078727,5.1682180172939525,0,0
real_user_82,324,133,1491,56,1,0,5.562186385812213,0.14972849334934116,2.43609022556391,1.7629366910992452,0,0
real_user_756,123,419,440,42,1,0,6.3572092157612285,0.4897218181974911,0.2935560859188544,5.566610596714407,1,0
fake_user_286,43893,658,4,34,0,0,239.0,4.752424738176044,66.70668693009118,0.5553332529974621,1,1
real_user_235,6700,1578,1693,263,1,0,86.79110662814499,7.709246648483726,4.245880861850444,1.4104530339795331,0,0
fake_user_335,11545,1495,2,12,1,1,239.0,3.1288909744520064,7.722408026755853,2.097261940012577,0,1
fake_user_24,85718,19,47,26,0,0,686.208883247719,13.553797034040263,4511.473684210527,0.816354418303926,0,1
fake_user_634,118776,20,4,0,1,0,804.2583384809825,4.945087447916523,5938.8,0.6812852983169151,1,1
fake_user_442,346112,63,42,0,1,0,508.95822373609843,9.041556144199891,5493.841269841269,0.1496624733844242,0,1
real_user_80,9917,315,106,81,1,1,593.3825650176852,66.87213393413923,31.48253968253968,6.657806785840722,0,0
real_user_786,1285,1546,1878,97,0,0,52.798567055583995,3.9081368143754758,0.8311772315653299,4.4129730638100755,0,0
fake_user_766,48154,1745,46,0,0,1,96.0,2.910691469785187,27.59541547277937,0.20540493306845783,1,1
real_user_33,9876,1707,1175,47,1,0,61.81257628814761,9.072951005105349,5.785588752196837,0.7177554403934079,1,0
real_user_288,5567,273,1734,155,1,1,79.84071299201742,4.428855260934718,20.39194139194139,1.5137339366436524,1,0
real_user_451,7056,132,1762,63,1,0,607.048990219485,41.641253942565754,53.45454545454545,9.193455841298904,0,0
fake_user_494,18763,2356,384,73,0,0,2980.22289594471,1061.1762782187577,7.963921901528013,21.539195086944883,0,1
real_user_723,4338,469,39,21,1,1,33.29704295504442,2.5890992788050466,9.249466950959489,0.8272508583183371,0,0
fake_user_206,498904,23,7,20,0,0,993.5398243871465,1.3309490664657593,21691.478260869564,0.19941126418180896,1,1
real_user_757,5318,496,35,135,1,0,153.2264055257144,16.80541432012608,10.721774193548388,3.197288827488539,0,0
real_user_679,53450,1293,168,53,0,0,502.34477809293736,15.325775661765393,41.33797370456303,0.9685136646486486,0,0
fake_user_714,19692,2608,3,0,1,0,3436.6532589881094,1345.6131468041065,7.550613496932515,24.28532605013313,0,1
real_user_351,932,1136,809,149,1,1,11.164770160220876,0.8022272871848162,0.8204225352112676,1.2840126016529712,0,0
fake_user_544,1465,2518,29,26,0,1,241.9475936881166,95.48831273800319,0.5818109610802223,23.033167674137868,0,1
fake_user_655,16143,34,3,33,1,0,89.16228365634065,0.29090783212748406,474.79411764705884,0.5541299107258139,0,1
real_user_198,22016,358,1771,177,1,0,467.6882940204864,48.409037220732394,61.497206703910614,2.344192093210478,0,0
fake_user_565,11410,2231,142,0,0,0,3114.5132628395672,669.1262263926689,5.114298520842672,33.160731719826785,0,1
real_user_154,88873,1180,700,120,1,0,1047.3454355226233,80.16709261306201,75.31610169491526,1.2686783704113571,1,0
real_user_64,472,503,1500,137,1,0,11.25458430302328,0.3690629523958386,0.9383697813121272,2.4626371303854064,0,0
real_user_481,30554,323,539,165,1,1,815.3591824958428,109.22345668571096,94.59442724458205,3.026060873147718,0,0
fake_user_455,27627,844,13,25,1,0,276.0,6.931205277675959,32.73341232227488,1.024111214672878,0,1
fake_user_294,96835,488,30,0,1,1,418.0,10.932308413322827,198.43237704918033,0.4429517306896502,0,1
real_user_477,4784,1201,240,258,1,0,23.18425023094572,3.4080859382692332,3.983347210657785,0.5558598697578377,0,0
real_user_504,88448,1508,1995,51,1,0,1756.924445568822,191.6586716518835,58.6525198938992,2.2030833000414995,1,0
fake_user_519,355657,34,464,0,1,0,2742.944937482913,4.031159332232446,10460.5,0.7723666613661886,0,1
fake_user_144,129358,16,98,72,0,0,983.7513202502706,11.782588836769934,8084.875,0.7695959346055448,0,1
fake_user_474,326200,69,17,0,1,0,704.2395185540765,4.90882742524084,4727.536231884058,0.2173967952113174,0,1
fake_user_621,70571,1083,256,0,0,0,334.0,14.051492509312338,65.16251154201292,0.4931933691024817,0,1
real_user_179,4617,1446,1403,73,1,1,51.501560092102125,6.550945316062447,3.1929460580912865,1.2573642063713357,0,0
real_user_736,59526,1824,569,86,1,0,1526.5671197362606,34.330151414904684,32.63486842105263,2.622210918172169,0,0
real_user_580,8882,985,675,11,1,0,264.5287058569509,32.234540094371326,9.017258883248731,3.341175928296805,0,0
fake_user_739,254793,71,46,9,1,0,260.5978022943905,0.7445726177391996,3588.6338028169016,0.10257046893444079,0,1
fake_user_10,99790,574,17,0,1,0,231.0,10.958267893985726,173.85017421602788,0.24246744953801558,0,1
real_user_617,34891,1613,1430,177,1,0,526.0500774882512,63.590765470223445,21.63112213267204,1.6899511133486418,1,0
real_user_191,620,79,701,78,1,0,21.66768045471837,2.0259849621745136,7.848101265822785,3.8215589382085295,0,0
fake_user_211,137410,0,5,0,1,0,793.9472584962192,9.599182752427835,137410.0,0.5847801770239772,0,1
real_user_490,262740,944,591,132,1,1,381.8622282590161,41.67898081194995,278.3262711864407,0.16120164766345665,0,0
fake_user_240,25607,424,10,0,1,0,432.0,18.710218795418363,60.3938679245283,1.7601055133183048,0,1
real_user_721,483,125,1989,147,1,0,18.290882753775993,1.2358289358794547,3.864,4.042797451274419,0,0
fake_user_492,89021,250,21,7,1,0,443.0,7.723271660624584,356.084,0.5063111756334174,0,1
fake_user_82,278607,69,425,0,1,0,1434.077821310069,7.988764306600068,4037.782608695652,0.5175988347804145,0,1
real_user_624,9240,1858,311,269,1,1,30.00674164339247,3.4853114359915343,4.9730893433799785,0.36246810691974035,0,0
real_user_9,44520,1680,155,43,0,1,443.23107100002727,11.923513295679397,26.5,1.0223598030002397,1,0
fake_user_591,282407,17,36,0,1,0,1640.093556742229,5.561998048663804,16612.176470588234,0.5827247748075979,0,1
real_user_44,484,285,1462,209,0,0,12.36292520349572,1.0174825682636521,1.6982456140350877,2.764547060280862,0,0
real_user_622,600,147,615,46,1,1,8.109235289123516,0.707064547304052,4.081632653061225,1.4693833060712613,0,0
fake_user_677,43662,717,148,48,0,0,53.0,1.2451902725165895,60.89539748953975,0.12423890401840637,0,1
fake_user_348,6578,578,6,0,0,0,472.85939148068275,91.28815834083977,11.380622837370241,8.576277741281887,0,1
fake_user_421,13645,1940,8,85,0,1,468.0,13.076043692442243,7.033505154639175,3.525658070300053,0,1
real_user_774,888,560,507,273,1,0,8.224696708964176,0.49711352252929286,1.5857142857142856,0.9821858368798952,0,0
fake_user_409,40554,1343,6,0,1,0,247.0,2.911922877945986,30.19657483246463,0.6162448164865265,0,1
fake_user_324,288075,86,8,43,1,1,1136.5167205426644,12.533415481671959,3349.7093023255816,0.3988718687926187,0,1
real_user_187,8307,194,1308,97,1,1,298.52710243711675,18.324746544012637,42.81958762886598,3.81427529771433,0,0
real_user_681,1653,1637,14,58,1,0,48.73044024958372,1.092688044869203,1.009773976786805,3.0141033450969705,1,0
fake_user_482,11433,1004,445,88,0,0,2589.2370225606787,806.6082561920774,11.387450199203187,29.702136611149797,0,1
fake_user_296,12421,2714,9,25,1,1,2117.4597882260405,423.9888595861187,4.576639646278555,20.460902083666042,0,1
real_user_708,218,309,1507,8,1,1,6.360312323109606,0.13228108243862122,0.7055016181229773,2.9782538557560674,0,0
real_user_468,2730,954,1042,130,1,0,2.798038364643535,0.39453819823128916,2.861635220125786,0.11694419644230124,0,0
fake_user_467,424491,35,2,22,0,0,4030.4759522270715,57.994947975173105,12128.314285714287,0.9631466627566296,0,1
real_user_113,52000,530,1401,149,1,0,2044.6475344270434,177.56996114541593,98.11320754716981,4.273495183793191,0,0
fake_user_162,24629,1221,5,0,0,0,453.0,7.704145402146258,20.17117117117117,1.8705759283858308,0,1
real_user_108,8071,534,1780,297,1,1,120.13174445071375,14.109462811407978,15.114232209737828,1.6632537140642019,0,0
fake_user_788,50555,1699,69,0,1,0,235.0,4.502301744055623,29.75573866980577,0.4737460226368423,0,1
fake_user_131,6830,882,99,0,1,0,732.1691152762816,271.785309859396,7.7437641723356005,14.69918631238181,1,1
fake_user_401,350889,54,468,29,1,0,484.4122587125825,5.168341734652152,6497.944444444444,0.1395257760850966,0,1
real_user_759,3192,479,357,137,1,1,5.668871616054232,0.6026355174522596,6.663883089770355,0.19647578739055427,0,0
real_user_274,986,1427,1548,99,1,0,82.38149848033036,3.494819296585688,0.6909600560616679,8.70956569745599,0,0
real_user_491,294,589,800,148,1,0,7.782928518076749,1.0100176427430683,0.499151103565365,2.9907980138842913,1,0
fake_user_363,104520,4,46,0,1,0,631.9685843058866,7.257406130359078,26130.0,0.6115824631039473,0,1
fake_user_785,33992,331,11,27,1,0,147.0,7.313215598492529,102.69486404833837,0.4539692151050027,0,1
real_user_791,159,640,1937,137,1,1,2.7822834663725,0.09261947127102789,0.2484375,1.8081150551217156,0,0
fake_user_69,9556,554,20,0,1,1,1335.326453546365,185.93965876073386,17.249097472924188,15.91948631547822,0,1
real_user_741,764,448,877,144,1,1,1.2300600210149182,0.17198085882667327,1.7053571428571428,0.18351320416774758,0,0
fake_user_715,274643,95,2,3,1,0,2081.381121343783,11.213915600510232,2890.978947368421,0.7619327770758013,1,1
real_user_329,92329,311,1825,241,1,1,2733.3355883092963,364.4979784108255,296.87781350482317,3.35521186920699,0,0
fake_user_9,165537,10,3,35,0,0,737.0304421400006,9.848629054680268,16553.7,0.45118557856834474,0,1
real_user_537,988,132,1160,32,1,0,11.051545093841547,0.8528692435938487,7.484848484848484,1.20490023658253,0,0
real_user_220,495545,1933,836,121,1,0,25069.795731538106,1927.2767663118323,256.36057941024313,5.44795578561986,0,0
fake_user_98,54491,1602,7,0,1,0,207.0,4.184718884146515,34.01435705368289,0.38755889758702633,0,1
real_user_411,500,738,403,89,1,0,7.346879380144247,0.9212606906383274,0.6775067750677507,1.653628014156515,1,0
real_user_640,947,1202,1039,261,0,0,22.780831739509143,1.7700237950427267,0.7878535773710482,2.592487384852362,0,0
fake_user_414,3785,1437,20,0,0,0,277.1190918558879,85.20031798889289,2.6339596381350034,9.572507525621686,0,1
fake_user_95,13441,1659,16,67,1,0,120.0,5.114526067128293,8.101868595539482,0.9308423931785454,0,1
fake_user_200,9225,1095,0,83,1,0,1526.61015483559,178.8432747503392,8.424657534246576,18.48730004971197,0,1
real_user_384,223237,1871,779,214,1,0,6978.733788737796,480.42442334487384,119.31427044361304,3.3413628619282063,0,0
fake_user_157,5665,1861,28,0,0,0,197.0,9.473469583068459,3.0440623320795273,3.644721440124774,0,1
real_user_645,35975,1753,1302,168,1,0,1407.3712940151186,133.9621165724978,20.521962350256704,4.284457013447161,1,0
fake_user_798,442962,23,409,0,1,0,3598.651301425579,23.58692129809649,19259.217391304348,0.8177311423380956,0,1
real_user_745,324,158,603,98,1,0,1.9848726773165164,0.1766214220587909,2.050632911392405,0.6671278084491689,1,0
fake_user_560,16980,516,24,0,1,1,297.0,10.371224952130783,32.906976744186046,1.8101956710961764,0,1
fake_user_362,231056,90,1,0,0,0,1160.4908547235525,14.96508329218261,2567.288888888889,0.5087320554392593,0,1
fake_user_441,14202,1139,271,0,1,0,3586.520701852193,1175.6964662087119,12.46883230904302,33.532017800738664,0,1
real_user_500,192,653,1559,105,1,1,1.2038342517388658,0.17485826816119457,0.29402756508422667,0.7180690207812814,0,0
fake_user_481,277748,30,315,75,1,0,1148.0022021222783,13.581449418100012,9258.266666666666,0.4182149471968757,0,1
real_user_631,9614,1520,1635,58,1,0,10.878199459936381,0.7826486530114838,6.325,0.1212902861758671,1,0
fake_user_557,97620,614,6,63,0,0,396.0,11.240304881248782,158.9902280130293,0.4171689253034714,0,1
real_user_193,156,382,1797,33,1,0,3.7501636648034404,0.141024705351563,0.4083769633507853,2.4943515193301304,1,0
fake_user_769,437424,95,127,0,1,0,4322.9770318287065,16.516089284105593,4604.4631578947365,0.9920564763508203,0,1
fake_user_108,3284,2198,24,5,1,0,573.5835163351583,207.93291890109555,1.4940855323020927,23.797699002321977,0,1
real_user_692,182752,303,1459,49,1,0,9286.702554492096,289.2119358962186,603.1419141914191,5.239841145589824,0,0
fake_user_216,150219,92,45,0,1,0,1302.4261754173683,6.56635318814863,1632.8152173913043,0.871389457129602,0,1
real_user_505,74069,504,143,204,1,0,614.8224361588467,24.10520030121596,146.9623015873016,0.8626113981018545,1,0
real_user_27,1377,1238,1157,34,1,0,22.081874122669777,3.283568579701523,1.1122778675282714,1.8420800800560129,0,0
fake_user_187,31278,1955,1,0,1,0,449.0,18.503786866218636,15.998976982097187,1.4946728910615086,0,1
real_user_238,254,251,926,41,1,1,2.7557403152387345,0.12598833438761117,1.0119521912350598,1.1345388384355692,0,0
real_user_731,666,598,864,138,1,1,30.609290732639767,2.3130180855955955,1.1137123745819397,4.943289612347653,1,0
real_user_170,498,474,1705,63,0,0,4.417766477744407,0.47603305817045866,1.0506329113924051,0.9826906698624228,0,0
fake_user_404,6897,1283,45,32,0,0,351.3477905675375,55.812532102436776,5.37568199532346,5.903440955052549,0,1
real_user_780,5121,731,1164,33,1,0,58.479472078665296,8.526759504044394,7.00547195622435,1.3084599020251841,0,0
fake_user_720,213708,95,25,1,0,1,1329.800086963459,20.06073604277882,2249.557894736842,0.6316379466403869,0,1
real_user_480,50356,1284,72,168,1,0,60.249780309381535,2.471675366345162,39.218068535825545,0.12455607211797341,0,0
real_user_629,71614,523,744,253,1,0,1346.0984437876568,98.83116362774244,136.92925430210326,2.017663595687155,0,0
real_user_398,979,952,56,14,1,1,14.187134629810398,1.6544935456602854,1.028361344537815,1.61814383814818,0,0
fake_user_517,4821,520,3,8,0,0,326.1049061009071,72.16667697674566,9.271153846153846,8.261181976304766,0,1
real_user_469,4913,907,340,116,1,1,60.21761888252881,1.8589948384365194,5.416758544652701,1.263517478546007,0,0
real_user_375,2784,1721,110,13,1,0,58.601496604559806,4.522434103127438,1.6176641487507264,2.2673825685232485,0,0
fake_user_60,9923,2847,26,0,1,0,948.382023010899,372.553475536819,3.48542325254654,13.311856278824125,0,1
real_user_669,95397,1805,862,25,1,0,1022.0320073862418,43.49318494021079,52.85152354570637,1.1169378411548085,0,0
fake_user_132,23851,1093,406,30,0,1,238.0,8.413682973171817,21.82159194876487,1.0331377425398172,0,1
real_user_155,608,213,1945,256,1,0,37.10152158114599,2.153751599925204,2.8544600938967135,6.4564594047814445,0,0
fake_user_734,14744,1235,6,32,1,0,4415.888236028654,1461.1095887303911,11.938461538461539,39.860267395272956,0,1
fake_user_253,484322,90,32,5,0,0,1431.9601869508851,18.210342881421706,5381.355555555556,0.299422807519028,0,1
fake_user_375,369383,45,37,0,1,0,519.6859900026346,3.4945645153457985,8208.511111111111,0.14163633803341802,0,1
fake_user_226,231833,10,0,67,1,0,306.4266669560458,2.197188641326454,23183.3,0.13312334982395613,0,1
real_user_735,63956,449,305,5,0,1,854.8170925334857,77.36367497420814,142.44097995545658,1.4575345042024108,0,0
fake_user_100,23793,584,7,20,1,0,378.0,15.064308796317974,40.74143835616438,1.6520165964624804,0,1
fake_user_506,6606,1748,14,0,0,0,1821.9122741623837,374.4165206891821,3.779176201372998,33.247484027423035,0,1
fake_user_104,50668,999,492,0,1,1,131.0,5.7676295587138195,50.71871871871872,0.2699290075762095,1,1
fake_user_361,299761,5,45,25,1,0,1920.6792390968933,30.00120216329204,59952.2,0.6507452407952286,0,1
real_user_172,842,781,128,96,1,1,45.234088277436264,6.286002339305404,1.0781049935979514,6.1187756076890345,1,0
fake_user_737,15262,1326,24,21,1,0,70.0,0.8095192338627846,11.509803921568627,0.46395963329748907,0,1
fake_user_355,29388,851,488,27,0,0,206.0,8.475940329180276,34.53349001175088,0.7298078818877782,0,1
real_user_563,95704,1454,1708,187,1,1,579.0731995059734,47.53537391813001,65.82118294360386,0.6547360334198189,0,0
fake_user_213,326579,97,98,9,1,0,2122.9575653805146,28.67338092388014,3366.7938144329896,0.6588393455502022,1,1
fake_user_117,40872,332,39,28,0,0,117.0,4.016326475513841,123.10843373493977,0.2960861383722691,0,1
real_user_596,3210,609,837,44,1,1,54.42974175461892,2.9675184878118954,5.270935960591133,1.7880766430663804,1,0
fake_user_265,358166,98,37,0,0,1,654.7637486232643,6.711317815050891,3654.7551020408164,0.18468393606269584,0,1
fake_user_722,10265,920,100,0,1,0,1580.4805682637823,168.40831468082175,11.157608695652174,17.03739778806239,0,1
fake_user_391,404097,7,18,28,0,0,1817.321303649539,24.248080470094187,57728.142857142855,0.4557245869480924,0,1
real_user_606,2212,1959,1605,275,1,1,58.97536990645625,4.306484113157829,1.1291475242470648,2.8608433101091357,0,0
fake_user_138,290278,51,2,17,1,0,953.8616674785992,1.3798394348392526,5691.725490196079,0.329078161939051,1,1
fake_user_589,8833,498,49,7,1,0,475.0,19.545445695151155,17.73694779116466,5.598838964056959,1,1
fake_user_698,67174,1484,475,0,1,0,64.0,1.0883583071370406,45.26549865229111,0.09689516525312925,0,1
fake_user_403,66329,1155,30,0,0,0,465.0,18.81934003197904,57.42770562770563,0.7294235402794841,0,1
real_user_397,6165,1345,1176,126,1,0,87.05706757492169,5.249291123493779,4.58364312267658,1.4972645368761632,1,0
fake_user_347,73389,1900,364,0,1,0,446.0,16.534075179570042,38.62578947368421,0.6302498673909851,0,1
fake_user_312,16198,2685,7,0,1,0,3049.310092670109,631.1717752192909,6.032774674115457,22.721829039939497,0,1
fake_user_411,47322,855,137,83,1,0,131.0,6.4625036483032545,55.34736842105263,0.2904832924396755,0,1
fake_user_199,8519,1851,3,56,1,0,2239.2104144680065,390.98237588177017,4.602377093462993,30.874431157997144,0,1
real_user_476,751,1144,563,112,1,0,13.213420079631296,0.7237837611194071,0.6564685314685315,1.8558194195407063,0,0
real_user_137,583,981,1516,58,1,0,9.32226606242786,1.1680598965101052,0.5942915392456677,1.7993698042775237,1,0
fake_user_522,486518,11,235,34,0,0,1264.6547581940324,2.390179947709355,44228.90909090909,0.2604312560155517,0,1
real_user_544,753,1133,545,105,1,1,22.595800385879755,3.2688631103684793,0.6646072374227714,3.4348822704180924,0,0
real_user_613,16164,1164,1512,44,1,0,567.9761848921047,45.315777779420046,13.88659793814433,3.7941843768344765,0,0
real_user_455,313,361,1410,212,1,0,3.5959602851215378,0.45888344376564955,0.8670360110803325,1.2954772296764177,0,0
fake_user_107,46610,1799,4,0,0,0,178.0,8.15844572409554,25.908838243468594,0.3993959359023719,0,1
real_user_308,9932,1890,1049,62,1,0,544.1803976898499,37.17825894797473,5.255026455026455,5.853389615765452,1,0
fake_user_195,16439,592,40,0,1,0,360.0,14.281045262958754,27.76858108108108,2.276787184518272,0,1
fake_user_332,66207,33,278,0,1,0,315.8361262643234,2.432496650551979,2006.2727272727273,0.48071748140661164,0,1
fake_user_202,175682,61,8,2,1,0,1474.7603202006676,13.17180286225846,2880.032786885246,0.8469462569090324,0,1
fake_user_244,266962,13,41,0,1,0,1531.4390437078077,7.185052179761092,20535.53846153846,0.5763457330584759,0,1
fake_user_309,310588,73,7,6,1,0,1009.3203640424805,16.58664757861718,4254.630136986301,0.3303112198865048,0,1
fake_user_558,59772,726,6,0,1,0,397.0,18.69337939315036,82.3305785123967,0.695465066240297,0,1
fake_user_158,4862,2801,180,0,1,0,1209.089203621802,161.7596069551388,1.7358086397715102,28.195162702117248,0,1
real_user_784,495,385,1267,46,1,1,16.46887751957264,1.1881533767581671,1.2857142857142858,3.567076948753698,0,0
fake_user_377,72312,941,38,18,0,1,368.0,3.008640195186083,76.84590860786398,0.5130664899258576,1,1
fake_user_344,308740,22,229,35,1,0,1756.4424296682796,14.900566224936878,14033.636363636364,0.5737329130962028,0,1
fake_user_434,78603,977,44,5,0,0,185.0,3.315607533893902,80.453428863869,0.23957814273487515,0,1
fake_user_242,63120,320,5,0,0,0,407.0,12.066256246477868,197.25,0.6639199243448636,0,1
fake_user_751,79130,758,18,0,1,0,226.0,1.7147953646397978,104.39313984168865,0.28777302586204956,0,1
fake_user_775,97050,1785,96,73,1,0,436.0,10.955241595729204,54.36974789915966,0.4605412072083763,1,1
real_user_646,5206,185,146,39,1,0,248.1313764388509,11.602471349433578,28.14054054054054,4.989125005537543,0,0
fake_user_438,31833,664,100,0,0,0,174.0,4.682474212377861,47.941265060240966,0.561312079327672,0,1
fake_user_427,53103,682,25,0,1,0,271.0,3.7645781070979214,77.86363636363636,0.5174181837318003,0,1
fake_user_399,482871,15,2,28,0,1,4595.567751055267,15.215418474141854,32191.4,0.9548685196521243,0,1
real_user_105,8042,80,83,9,1,0,427.629658019269,57.93310762536058,100.525,6.037835931915315,1,0
real_user_688,806,603,907,135,1,0,12.987631219891323,1.2975134915361333,1.3366500829187395,1.7723504604748703,0,0
real_user_163,3911,980,55,47,0,0,59.83378832290138,2.033732147933734,3.990816326530612,1.5818849519518052,0,0
fake_user_83,22862,1037,3,0,0,1,217.0,7.359865684525224,22.046287367405977,0.981365872121972,1,1
fake_user_159,30538,903,12,27,0,0,380.0,3.4759212619421365,33.818383167220375,1.255733581969815,0,1
fake_user_390,24081,1306,375,14,0,0,463.0,7.105275255687698,18.43874425727412,1.9521833613873496,0,1
fake_user_167,43775,1895,31,0,1,0,228.0,6.105513570222963,23.100263852242744,0.5347927208914288,0,1
fake_user_247,364813,59,360,61,0,1,371.4825494140672,7.239573359166263,6183.271186440678,0.10381267190950802,0,1
real_user_573,1654,1975,1457,11,1,0,55.66164376354207,3.0516329294101663,0.8374683544303797,3.54977489074681,0,0
real_user_252,49659,599,1311,130,1,0,1706.8898290332038,60.143949796365725,82.90317195325542,3.5583354051220715,0,0
fake_user_26,4577,2174,427,0,1,0,637.5436871735315,100.02147395115563,2.105335786568537,16.114598233006053,0,1
real_user_656,527748,1516,1962,148,1,1,16323.097515258469,1456.5905441140715,348.1187335092348,3.3689730817307773,1,0
fake_user_691,156759,62,32,23,0,0,1174.5628909548172,6.668936318635287,2528.3709677419356,0.7535336582100247,0,1
real_user_720,830,870,1102,233,1,0,9.429972885591646,1.1688314607023158,0.9540229885057471,1.2769643790715617,1,0
real_user_341,8189,411,1654,118,1,1,250.70439533404354,15.011779853936904,19.92457420924574,3.244793933178416,0,0
real_user_443,56438,1360,609,215,0,0,101.78560370344991,5.700907932405065,41.49852941176471,0.19045060355762955,0,0
real_user_342,742,495,1887,245,1,0,51.46616099439541,3.573044798813083,1.498989898989899,7.41768272145667,0,0
real_user_325,379151,1776,1968,121,1,1,12572.51818980013,1064.4423883885654,213.48592342342343,3.5967096429097367,0,0
real_user_660,528,851,1388,205,1,1,1.0213528711751745,0.1415145209696983,0.6204465334900118,0.22024003639107442,1,0
fake_user_550,281470,50,3,21,0,1,410.5320796892309,3.2048697913441293,5629.4,0.1469914909157548,0,1
fake_user_77,42938,615,45,17,1,0,274.0,2.7204583652627043,69.81788617886178,0.644465178548751,0,1
real_user_54,4616,1685,1835,72,1,0,161.5356647284603,21.47175999251885,2.73946587537092,3.964632251321039,0,0
real_user_93,16356,1819,1268,56,1,0,747.6650370397377,108.52355764742288,8.991753710830126,5.234706497231356,0,0
real_user_181,37389,1369,1317,16,1,0,1522.8698132941174,179.96111218123482,27.31117604090577,4.554363383549579,1,0
real_user_285,300,782,1768,62,0,1,5.033473933904582,0.4055474574471061,0.3836317135549872,1.8130071304505626,0,0
fake_user_524,113867,42,9,0,1,0,1136.6743294376638,2.087829856676602,2711.1190476190477,1.0000809359114935,0,1
fake_user_407,28158,248,37,46,1,0,314.0,9.495954160699405,113.54032258064517,1.1488598414684972,0,1
fake_user_613,15429,1399,40,12,1,0,4344.563725302705,1089.6361727512822,11.028591851322373,35.220687653470655,0,1
fake_user_649,380023,30,38,0,1,0,1684.7903850402943,15.029232419997177,12667.433333333332,0.44729387891266886,0,1
fake_user_756,20083,907,45,0,0,0,178.0,0.9072288606977622,22.142227122381477,0.8908391617820931,1,1
real_user_289,5729,571,321,132,0,1,159.52307721589247,9.692459404220367,10.033274956217163,2.953666200385981,1,0
real_user_719,910,62,496,14,0,0,24.556103221662127,2.131635618713582,14.67741935483871,2.9327185538874407,0,0
fake_user_429,12367,1938,167,10,0,1,180.0,6.083288433615632,6.381320949432404,1.504676060755362,0,1
fake_user_440,66071,438,9,27,0,0,185.0,7.197161375921493,150.84703196347033,0.29089488788715395,0,1
real_user_493,8803,257,1557,22,1,1,543.5457466278209,57.15232268916369,34.252918287937746,6.823788132647786,0,0
fake_user_590,261952,84,49,3,1,0,1300.0758911865848,3.896023008664154,3118.4761904761904,0.4977904021329286,0,1
fake_user_358,15917,1966,11,0,1,1,3531.5774463052044,660.1340847308189,8.096134282807732,26.334808890092496,0,1
real_user_259,811,1060,159,127,1,1,24.333011888746928,1.0710050112888143,0.7650943396226415,3.132431183728205,0,0
fake_user_165,493773,54,3,99,1,0,1433.971952017506,26.27546829232216,9143.944444444445,0.2957325370787443,0,1
fake_user_687,138881,4,4,0,0,0,185.75018104272814,2.1113519092424955,34720.25,0.13526798694707745,0,1
real_user_738,457,942,767,20,1,0,22.662809904193587,1.0184345695163903,0.4851380042462845,5.181891569739601,1,0
real_user_551,92379,1145,776,138,1,1,180.7676903333316,9.833349133216753,80.68034934497817,0.2063250733029675,0,0
real_user_795,787,391,1007,105,1,1,22.47171272543379,2.1989419757483075,2.0127877237851663,3.1347718807092884,0,0
fake_user_400,59779,556,38,92,1,1,158.0,7.570412256661718,107.51618705035972,0.27697086310687985,0,1
fake_user_607,10109,1793,37,0,1,0,2607.074546626114,299.7105444772285,5.638036809815951,28.75442764965222,0,1
real_user_392,55000,658,989,98,1,0,573.5280207372532,28.792983037563165,83.58662613981762,1.0951290977723935,0,0
real_user_534,872,927,1427,12,1,0,1.6976894320300793,0.18948247348585207,0.9406688241639698,0.21641879650412055,0,0
real_user_412,488,841,1136,289,1,0,1.0,0.09092115923132935,0.5802615933412604,0.22354941787527238,0,0
fake_user_660,19509,2681,4,5,1,1,2764.457715445031,552.3609145484106,7.276762402088773,17.001479470979763,0,1
real_user_319,268,346,1296,211,1,1,4.572088236373571,0.6526405606198123,0.7745664739884393,1.9495256705199193,1,0
fake_user_366,89172,758,323,0,1,0,474.0,12.292605125286533,117.64116094986808,0.5453422656498526,0,1
fake_user_160,321136,64,33,10,0,1,1899.1476795358126,10.793204073840938,5017.75,0.5947451807364025,0,1
real_user_104,49368,1969,631,83,1,1,1401.1583725771236,106.43840341042703,25.07262569832402,3.053793501838338,0,0
fake_user_799,12336,2824,228,0,1,0,1659.0799966554107,180.87939433096557,4.368271954674221,14.91536471292458,0,1
real_user_782,572810,645,112,80,1,1,22066.658283811907,3282.4976424794418,888.077519379845,4.425403873237435,0,0
real_user_24,688,1009,1728,131,1,0,66.62434275538844,1.6653821620647227,0.6818632309217046,9.925832110094936,0,0
fake_user_666,373820,97,5,5,1,0,1554.0508952228486,14.036571192233001,3853.814432989691,0.41947661077927384,0,1
real_user_146,194714,371,1370,15,0,0,8116.731120181993,717.7819163473719,524.8355795148248,4.5371740278199635,0,0
fake_user_136,494594,35,2,0,1,0,823.9791462148706,0.9830960045368563,14131.257142857143,0.16679584512133336,0,1
fake_user_456,447097,68,219,10,0,0,2921.919186554761,28.069490563309376,6574.955882352941,0.6598095440403471,0,1
real_user_364,11032,326,558,137,1,1,523.7493995271933,51.51023066673595,33.84049079754601,5.214463652954399,0,0
fake_user_574,1456,1631,38,34,1,1,243.8916872814669,47.815486031754354,0.8927038626609443,20.034833331952008,0,1
fake_user_549,185753,32,6,0,1,0,277.98374692482855,2.26837761737918,5804.78125,0.15087353880809878,0,1
real_user_546,44159,1940,1607,37,1,1,668.0616962027214,24.424547947634377,22.76237113402062,1.5681655928584337,0,0
fake_user_709,375235,81,144,68,1,0,2064.3697273308862,25.948831787874525,4632.530864197531,0.557069185741938,0,1
fake_user_761,427626,27,12,6,1,1,3664.733847056705,69.94321080280692,15838.0,0.8733512597128126,0,1
fake_user_63,60259,1945,34,0,1,0,162.0,6.0206053756858795,30.981491002570696,0.2788307230051708,0,1
fake_user_485,229272,31,42,0,1,1,1999.2812477587986,10.887150001494827,7395.870967741936,0.8767614003281226,0,1
real_user_162,22767,1829,322,118,1,1,563.4491920973118,37.68268925220281,12.447785675232367,2.640364920057604,1,0
fake_user_690,175147,47,178,0,1,0,422.18804931913814,1.3348339120204522,3726.531914893617,0.24180995576924447,0,1
fake_user_331,82189,1898,38,0,1,0,428.0,16.12507358168023,43.30295047418335,0.5403704553914517,0,1
fake_user_113,9831,2992,21,0,1,0,2770.4451370968177,886.4799094945877,3.2857620320855614,37.197894889547406,1,1
fake_user_143,77658,306,25,0,0,0,434.0,15.87171593081307,253.7843137254902,0.5792986117731761,0,1
real_user_783,65350,1472,694,267,1,1,3795.4374476155695,110.84245244116686,44.39538043478261,5.9774749809590455,1,0
real_user_707,536,67,447,93,1,0,1.2173536754734002,0.1575952820204629,8.0,0.2565203278906461,1,0
fake_user_93,42437,363,396,3,0,0,256.0,1.2263393382156027,116.90633608815428,0.6061369543987926,0,1
real_user_194,7202,1390,100,79,1,0,319.78048352945666,40.47655663657633,5.181294964028777,5.002180507720536,0,0
real_user_358,155,600,1157,283,1,0,3.8050865429126555,0.22420428357083935,0.25833333333333336,2.5995424686990285,0,0
real_user_454,9426,1504,1285,22,1,1,15.934548092584892,0.6218578713336158,6.267287234042553,0.17564614856692667,0,0
fake_user_564,367433,83,6,0,1,0,3587.633815077927,61.28565907812091,4426.903614457831,0.9930843103793203,0,1
fake_user_13,95139,1254,13,28,0,0,60.0,0.19969603264916802,75.86842105263158,0.06327551901181341,1,1
real_user_687,17800,933,674,122,0,0,927.5273518906164,98.67791955147382,19.078242229367632,5.765198154169046,0,0
fake_user_118,99583,1607,146,90,1,0,357.0,12.580241554010534,61.968263845675175,0.37112784466626886,0,1
real_user_295,692,95,1277,161,1,1,15.03489205246743,1.6824559942390873,7.28421052631579,2.415801740853543,0,0
real_user_219,5958,1673,1738,286,1,0,94.20587375101044,2.032774814638929,3.561267184698147,1.615284467365716,0,0
fake_user_330,80485,776,47,3,1,0,187.0,6.288331702786457,103.71778350515464,0.2401544781049717,0,1
real_user_594,380,490,76,10,1,0,18.98136345975731,1.9876208265996198,0.7755102040816326,5.518153759567614,1,0
real_user_111,9739,1316,79,109,1,1,158.0959505699456,17.170663843495653,7.400455927051672,1.7996366609861507,0,0
fake_user_59,383902,22,11,0,0,0,2850.4659757282766,25.362981676144468,17450.090909090908,0.7491049688213193,0,1
fake_user_123,21053,374,49,0,0,0,332.0,9.369677864894468,56.29144385026738,1.6214775940003539,1,1
fake_user_111,17387,1840,194,6,0,0,3061.044137507819,1195.6337155480464,9.44945652173913,24.481956939413735,0,1
real_user_38,3278,863,1850,159,1,0,78.45564861788601,8.57843999650299,3.79837775202781,2.6550972731662297,0,0
real_user_22,3992,595,685,271,1,1,3.5755142869966585,0.33124582902836475,6.709243697478992,0.0978647323653563,0,0
fake_user_379,16511,2186,240,29,1,1,3472.5369879391333,706.7642101827244,7.553064958828911,25.312223354865594,0,1
real_user_138,931,1089,1340,236,1,1,22.86184904984722,0.5236916583745509,0.8549127640036731,2.5118733306360657,1,0
fake_user_490,10173,706,464,0,1,1,142.0,2.7944289712767265,14.409348441926346,1.423320839194699,1,1
real_user_471,726,1217,1691,81,1,1,6.0427922753078915,0.3643683325376267,0.5965488907148726,0.8825290093451127,0,0
fake_user_37,305555,61,2,80,1,0,752.3242319835919,5.286312612829723,5009.098360655737,0.24794571995104697,0,1
real_user_592,1119,413,1147,168,1,0,1.0,0.05522880180902678,2.709443099273608,0.09430105467462259,0,0
real_user_277,501,377,1737,88,1,0,9.994716978808025,0.40629863277750256,1.3289124668435013,2.0760510202765525,0,0
fake_user_432,77955,1884,17,28,1,0,336.0,16.259810183963427,41.37738853503185,0.4518758388608344,1,1
real_user_385,42951,1756,1504,122,1,0,2117.844155306461,155.3722169391915,24.459567198177677,5.292580783324376,0,0
real_user_8,622,1064,1159,65,1,0,13.525621394649193,0.5862786457390442,0.5845864661654135,2.2687942187119354,1,0
real_user_372,808,488,621,145,1,0,42.8745699182966,5.27625972703771,1.6557377049180328,5.959261094719593,1,0
fake_user_8,11822,1385,49,0,1,0,499.0,20.447777704054996,8.535740072202167,4.393907779597826,0,1
real_user_630,94884,1128,767,85,1,1,3783.0810277448936,445.1642116630527,84.11702127659575,4.456225748712055,0,0
real_user_555,21370,1179,1888,41,1,0,12.551288432353498,1.0699205922732724,18.125530110262936,0.06373986441098162,0,0
fake_user_497,33997,1267,32,20,1,1,429.0,12.536202239861465,26.832675611681136,1.2987504845717606,0,1
fake_user_322,17186,2745,228,24,1,0,3001.232387372528,549.6260127404636,6.260837887067395,20.66134295422432,1,1
fake_user_351,88018,593,45,0,0,0,267.0,9.826616636163848,148.4283305227656,0.3145113688520119,0,1
real_user_340,70121,1513,1366,278,1,1,447.7233861507849,50.71172434264042,46.34567085261071,0.7108214521946712,0,0
fake_user_233,68497,98,200,50,1,0,603.1507644585392,6.29333188458555,698.9489795918367,0.8897383773641543,0,1
real_user_590,3750,1917,1049,130,1,0,153.56547164303538,9.793580035727992,1.9561815336463224,4.356241378100356,1,0
fake_user_425,5434,2827,3,0,1,1,1584.797291952263,347.26915098144707,1.9221789883268483,35.5551424904989,0,1
real_user_271,604,572,416,141,1,0,14.188508886626273,1.6561088758854625,1.055944055944056,2.6232810865085656,0,0
real_user_32,9680,1397,1503,64,1,1,46.222700216500144,5.20695354750167,6.929133858267717,0.5312980760743988,0,0
real_user_760,94848,544,1055,251,1,0,4668.019568938175,518.915160883401,174.35294117647058,5.468681184444138,1,0
fake_user_128,44369,303,28,9,1,0,202.0,3.03344495918217,146.43234323432344,0.4621096823439387,0,1
real_user_391,242570,259,1067,5,1,0,410.5182986760044,43.436646685390805,936.5637065637065,0.18714389469489023,0,0
fake_user_603,72337,1,40,12,0,1,279.82909844113647,4.092722122436182,72337.0,0.3924987496904387,0,1
real_user_159,2215,370,1719,130,1,1,70.48508039537735,10.107358369981913,5.986486486486487,3.6384848201065125,0,0
fake_user_88,67334,282,2,67,1,0,454.0,14.232454107270861,238.77304964539007,0.6953878487944737,0,1
real_user_55,3953,1514,1725,143,1,1,248.21511958137498,9.434266335884933,2.6109643328929986,6.51781902143334,0,0
fake_user_276,37926,1210,318,4,0,0,411.0,2.398443728456379,31.343801652892562,1.0900132988674165,0,1
real_user_616,3795,473,1506,15,1,0,129.74860689283594,13.24958595161191,8.023255813953488,3.7680683226468474,0,0
fake_user_140,13222,1963,271,11,0,0,1843.8548977654189,200.89640766863448,6.7356087620988285,15.464765583376593,0,1
real_user_489,232,572,1671,139,1,1,15.672985062158263,0.43751930052450916,0.40559440559440557,6.9441829149494705,0,0
fake_user_31,36147,280,450,7,1,0,166.0,5.4432583804919705,129.09642857142856,0.4742945704498077,1,1
fake_user_543,19570,1709,438,22,1,0,184.0,7.699707645752468,11.451141018139262,0.9795590579752297,0,1
fake_user_538,96362,71,56,39,1,0,503.9034373622667,3.349949002541427,1357.2112676056338,0.5264039625213343,1,1
fake_user_480,96326,1349,51,58,0,0,289.0,7.130456125101162,71.40548554484803,0.3074252601842713,0,1
real_user_433,322,742,360,53,1,1,7.615090435550396,1.0406046432254896,0.4339622641509434,2.688104061731641,0,0
real_user_45,769652,641,473,124,1,0,5968.900680712662,886.4327396347358,1200.7051482059283,0.8907055942617439,0,0
real_user_249,9726,307,473,122,1,0,348.74424629136513,24.139084007532784,31.680781758957654,3.8338816604863037,1,0
real_user_751,560,159,1467,10,1,1,25.87155217407757,1.4491062999022315,3.5220125786163523,4.87868901321068,0,0
real_user_237,54098,961,1669,198,0,1,282.0514649380066,18.00090811700744,56.293444328824144,0.55464596298387,1,0
real_user_184,4204,1709,249,151,1,0,69.78013577044663,2.117403434688889,2.459918080748976,1.7102173930812445,1,0
real_user_267,185,101,206,67,1,0,13.815515448712372,1.1139979051256992,1.8316831683168318,8.070007218290849,1,0
fake_user_772,445613,20,14,0,1,0,1712.7256835405497,15.509995936985355,22280.65,0.3878333171333725,0,1
real_user_585,904,732,1897,111,1,0,1.3882842153506219,0.06686709698147353,1.2349726775956285,0.16096806552346188,1,0
real_user_702,2401,1811,1538,39,0,1,81.13820428731928,2.6398845520185947,1.3257868580894534,3.489299826711282,0,0
real_user_332,131,468,1075,91,1,1,1.0,0.05888769547536166,0.2799145299145299,0.8083112179201234,1,0
real_user_240,806,780,851,125,1,1,11.87349124320702,1.50197233699876,1.0333333333333334,1.6594867965515858,1,0
real_user_579,881,139,328,163,1,1,45.14901996464483,3.0547830064294397,6.338129496402877,5.471487283890382,0,0
real_user_15,693882,1374,1405,297,1,1,13804.797545892909,1927.775603761314,505.0087336244541,2.2673268869424805,0,0
real_user_517,199,98,324,137,0,1,1.1005494040881338,0.0906545341205883,2.0306122448979593,0.5985949438234784,0,0
fake_user_346,378367,44,336,0,1,0,3144.0103096416206,48.57772011507351,8599.25,0.8437807815577717,0,1
real_user_130,484,373,961,45,0,0,23.469173130543542,2.545095669059951,1.2975871313672922,5.374848925537911,1,0
real_user_521,8234,73,622,119,1,1,289.8667498247352,31.22504241560502,112.79452054794521,3.8995845547770247,1,0
fake_user_437,11197,1039,44,58,0,0,1350.7913334192287,182.70588113756344,10.776708373435996,13.69560788208263,0,1
real_user_313,2619,342,819,138,1,0,22.383398316802236,2.2434215299551155,7.657894736842105,0.9403138544008152,1,0
fake_user_285,18835,2733,15,0,1,0,3599.1924677989555,955.7952469431528,6.8916941090376875,24.183635331787144,0,1
fake_user_1,9048,1633,44,0,1,0,173.0,3.2865147089136566,5.540722596448255,1.948347863714784,0,1
real_user_466,49985,720,321,67,1,1,1029.9962566757051,50.22505715108154,69.42361111111111,2.161090954940055,0,0
fake_user_122,15835,2792,176,0,0,0,1536.1895261295626,289.24423342235036,5.671561604584527,11.527841866447194,0,1
fake_user_554,25762,23,8,12,1,0,40.42775260434618,0.5326156075895697,1120.0869565217392,0.15899529621898825,0,1
fake_user_418,5595,1296,274,0,1,0,1654.0775154168591,463.17402772806196,4.31712962962963,37.84185063708527,0,1
real_user_195,397,607,1553,156,1,0,5.304351430688996,0.14413118578374262,0.6540362438220758,1.3724137572979191,0,0
fake_user_460,11519,1072,36,14,1,0,2291.285693844271,650.9003609827743,10.745335820895523,25.542026693524132,1,1
fake_user_2,80937,1012,45,20,1,0,110.0,5.1866194850494995,79.97727272727273,0.14231639359631504,0,1
real_user_611,191,352,1829,86,1,0,10.918458431103481,0.9424064496950466,0.5426136363636364,6.209876900941637,0,0
real_user_399,464218,1035,408,33,1,0,6102.438805817069,247.83940961826818,448.51980676328503,1.3679517415169893,0,0
real_user_323,44819,1261,1078,80,0,1,521.8119956223535,45.951099341281996,35.54242664551943,1.2667910818260903,0,0
fake_user_127,95279,1914,4,0,0,1,164.0,8.161612953354238,49.780041797283175,0.18069208634993467,0,1
real_user_436,1928,778,285,12,1,0,64.888239519332,8.393004346582345,2.4781491002570695,3.8008943913855986,1,0
fake_user_452,1146,1238,488,0,0,0,255.60718805293885,83.89565646499626,0.925686591276252,29.62503006264704,0,1
real_user_149,7721,980,1373,19,1,0,7.647579910238228,0.4927547512006686,7.878571428571429,0.10543109262322106,0,0
real_user_119,896,70,1621,71,0,0,23.49678338979691,3.201061729473962,12.8,2.9796702142043383,1,0
fake_user_114,83161,43,228,0,1,0,349.28581592422125,4.873044554799831,1933.9767441860465,0.42587133449456005,1,1
real_user_165,6235,853,1612,69,1,0,371.6649836231205,31.75156015462794,7.309495896834701,6.470193164037666,0,0
fake_user_461,12140,572,4,26,1,1,2597.381460754559,865.1709943789936,21.223776223776223,28.52184888907375,0,1
fake_user_773,60373,1375,307,22,0,0,432.0,0.47196149176931107,43.907636363636364,0.7163333965378055,0,1
fake_user_664,5758,1963,5,25,1,0,1678.5307029247397,568.7879545754903,2.933265410086602,39.029500824943206,0,1
real_user_209,522,804,1104,107,1,0,21.949313621586562,1.5112387353794419,0.6492537313432836,4.494358689073947,1,0
fake_user_116,82724,1529,48,5,0,1,389.0,13.137364635947169,54.10333551340746,0.48611934219325365,0,1
fake_user_155,59167,1653,2,55,1,0,112.0,0.4029264627204277,35.79370840895342,0.18997570683441856,0,1
fake_user_593,88691,49,25,6,1,0,520.3712059361618,5.426094382023126,1810.0204081632653,0.5928417768637009,0,1
real_user_713,5027,314,636,91,1,1,145.66305922452182,10.96572135990804,16.00955414012739,3.1157505586717695,0,0
real_user_287,592,325,1219,53,1,1,40.46536709139836,5.633633228478121,1.8215384615384616,7.786993297276433,0,0
real_user_406,9451,314,861,140,1,1,177.01289746650184,9.440247284041602,30.098726114649683,1.9728403846211346,0,0
fake_user_600,85493,805,45,8,0,1,216.0,8.087401747246599,106.20248447204969,0.26211198782034384,0,1
fake_user_556,8701,2211,1,0,0,1,1790.4910173974952,695.3056305849959,3.9353233830845773,28.569091460550407,0,1
fake_user_685,83941,871,143,55,1,1,151.0,7.452900102385136,96.3731343283582,0.18876699122286505,0,1
real_user_246,120,576,1276,101,1,0,1.0,0.1320315001964573,0.20833333333333334,0.9433595834970477,0,0
fake_user_623,162977,30,220,11,1,0,547.5123949868757,4.949912393439099,5432.566666666667,0.3389817626906342,0,1
real_user_214,28494,1404,1708,255,1,0,1454.955969452623,88.37045974966331,20.294871794871796,5.416320731390069,0,0
fake_user_520,72177,1854,441,0,1,0,385.0,16.579604285666843,38.93042071197411,0.5563816787697837,0,1
fake_user_539,62664,78,16,2,0,0,552.6011021293162,8.874722164516351,803.3846153846154,0.896010188136462,0,1
real_user_76,228,75,543,5,1,0,3.907617147355042,0.13243700521333923,3.04,1.7719535756878866,0,0
real_user_117,84512,932,833,88,1,0,3160.472850966054,357.6360833597778,90.67811158798283,4.162851351672936,1,0
real_user_218,379,555,911,15,1,0,1.0,0.13417031589945702,0.6828828828828829,0.2992533815038145,1,0
fake_user_778,4953,2370,11,0,0,0,874.1954117580304,332.8203112615774,2.089873417721519,24.36938669532824,0,1
real_user_79,819,577,1740,110,1,0,4.442103087098018,0.6615009130420141,1.4194107452339688,0.6231506715677695,0,0
fake_user_509,53381,614,161,8,1,0,383.0,17.614135339522367,86.93973941368078,0.7504807615809415,0,1
fake_user_315,333698,57,25,0,0,1,2799.9679007298237,45.755614245587104,5854.350877192983,0.8527841086777297,0,1
real_user_718,2481,654,809,137,0,1,64.54123977821196,5.812708406775544,3.793577981651376,2.8357093182179565,1,0
fake_user_444,374671,93,3,0,0,1,838.67864511753,2.183533222317626,4028.7204301075267,0.2244268113464473,0,1
real_user_574,427,666,318,82,1,0,1.0,0.04434985179776279,0.6411411411411412,0.2445784196247688,0,0
fake_user_274,343256,6,1,0,0,1,1453.1950479502152,8.26521881277022,57209.333333333336,0.42576393909006266,0,1
fake_user_776,183290,97,47,0,1,1,1595.0215235085593,16.80694411331261,1889.5876288659795,0.8793870192710305,0,1
fake_user_476,409650,60,1,16,0,0,3471.067417320408,44.6543030870264,6827.5,0.8582257342627693,1,1
fake_user_317,62606,531,33,31,1,0,73.0,0.1525340431289841,117.90207156308851,0.11684588384999678,0,1
fake_user_676,224855,67,15,71,0,0,1158.1478344046109,12.916367830856498,3356.044776119403,0.5208086109872884,0,1
fake_user_406,458465,1,27,11,1,0,1226.4668957758024,21.500919836072917,458465.0,0.27220568977171106,0,1
real_user_370,4055,172,1472,31,1,1,232.55036758217918,18.912084117126092,23.575581395348838,6.2012935067646175,0,0
fake_user_181,7486,1686,46,45,1,0,491.9691557650377,153.039366681318,4.440094899169632,8.616197200726099,0,1
real_user_568,9584,1581,926,113,1,1,79.69303230435156,9.788763260602877,6.061986084756483,0.9336581340249837,1,0
real_user_291,637984,1230,979,72,1,0,21835.86667821484,1009.8506415621252,518.6861788617886,3.5809232394193216,0,0
real_user_647,3555,1593,785,95,1,0,196.47481834671865,9.32799990784647,2.231638418079096,5.789108811661467,1,0
fake_user_395,34865,1627,1,0,0,0,113.0,5.225890371455903,21.42901044867855,0.33909620069254526,0,1
fake_user_684,352034,26,395,58,1,0,2238.3391158137642,12.504574340662458,13539.76923076923,0.6393824716233167,0,1
real_user_619,312,241,1443,236,1,1,9.060151846861128,0.2732952600079375,1.2946058091286308,2.9914894573298287,0,0
fake_user_504,17731,2975,192,46,1,0,3321.902566184888,648.5397426584227,5.96,22.392658670370036,0,1
fake_user_291,17457,1443,124,12,1,0,2549.677132939509,676.7668091307006,12.097713097713097,18.482236020336885,0,1
real_user_1,40745,1698,1987,61,0,0,1654.7782931026757,134.43085707378188,23.99587750294464,4.391236103022353,1,0
fake_user_192,316835,89,29,45,1,0,789.7039910455392,4.998332590126356,3559.9438202247193,0.25082529507019913,0,1
fake_user_398,430725,2,300,0,1,0,3094.2087141241877,7.111135803228359,215362.5,0.7200231818277129,0,1
real_user_787,416,797,1719,16,1,1,11.849400816453777,1.1768523121154761,0.5219573400250941,3.131310848213763,0,0
real_user_704,41628,1208,417,215,1,0,1075.2944430056873,60.10878109195026,34.46026490066225,2.727498856773416,0,0
real_user_404,1561,1234,1937,143,1,0,30.136986666111813,0.6068193179898903,1.2649918962722853,1.9694942975081169,0,0
real_user_763,71029,670,340,116,0,0,1082.8221007967065,69.23601931058968,106.0134328358209,1.6219545820823835,1,0
fake_user_570,5670,387,45,0,1,0,62.0,0.2197203545198448,14.651162790697674,1.097349565335447,0,1
fake_user_408,275271,98,8,0,1,1,1154.3842808421584,20.284435887052194,2808.887755102041,0.4267317358999716,0,1
fake_user_354,53992,83,4,2,0,0,141.21183726884396,0.23947030066936176,650.5060240963855,0.2619856785625895,0,1
real_user_549,166,579,426,8,1,1,5.309926155207627,0.6215176336113032,0.2867012089810017,3.5731589089270663,0,0
fake_user_725,62914,1480,323,5,1,1,344.0,15.09105940289974,42.50945945945946,0.5707649480288962,0,1
fake_user_468,92219,929,427,10,1,0,150.0,6.93636707633244,99.26695371367062,0.17017791027481585,0,1
real_user_790,47820,596,467,128,1,0,1489.7932887176828,108.15951485078759,80.23489932885906,3.34159933828622,0,0
fake_user_164,64313,1223,26,0,1,1,156.0,0.7166551375638741,52.586263286999184,0.2436780357588106,0,1
real_user_232,268,268,437,27,1,0,8.987162307466187,1.077861953192142,1.0,3.7556060674098246,0,0
real_user_697,618,229,513,12,1,0,3.290074206412018,0.08468877217254468,2.6986899563318776,0.5460781518745247,1,0
fake_user_262,10693,994,201,0,1,0,1768.7231467734225,222.9516008354957,10.757545271629779,18.625967900579052,0,1
fake_user_221,311739,82,484,51,0,0,2655.497552325421,28.741040175210998,3801.6951219512193,0.8610531863195275,0,1
fake_user_580,315096,29,32,11,0,0,2458.0401256723244,6.15440392117138,10865.379310344828,0.7820456399298931,0,1
real_user_34,10399,837,115,143,1,0,114.7014098960157,3.726371313648871,12.424133811230586,1.1388381691476543,1,0
real_user_386,259,743,1097,172,1,1,17.062391781234783,2.0885532076199893,0.34858681022880217,7.394187254384081,1,0
real_user_377,844,51,1037,49,1,0,3.534597603167808,0.07196726899535398,16.54901960784314,0.4273181128155405,0,0
real_user_7,531,118,447,144,1,0,1.0,0.082466598894384,4.5,0.20385435007427194,1,0
real_user_601,8888,1446,1216,30,1,1,653.9292421051164,94.7061484528372,6.146611341632089,8.42299044282126,1,0
real_user_515,4085,707,886,122,1,0,63.87476023115042,3.801214497459881,5.777934936350778,1.656694607799518,0,0
real_user_56,63352,89,283,107,1,1,3469.517574066131,159.0571091058557,711.8202247191011,5.727640300498779,0,0
fake_user_293,478041,35,1,24,1,0,1164.7925303062173,21.213685521275607,13658.314285714287,0.24809717489242405,0,1
real_user_51,8864,1979,1821,124,1,1,238.08012875975277,6.244687827243588,4.479029813036887,2.756372028282901,0,0
fake_user_587,298836,35,1,0,1,0,956.7380162014946,2.933271072803461,8538.171428571428,0.3211364384727068,0,1
fake_user_33,9520,1217,41,85,1,0,1715.2182784508548,357.6982207856863,7.822514379622022,21.774332975173756,0,1
fake_user_620,369075,11,12,6,1,1,2101.467109432499,25.702468115055325,33552.27272727273,0.5763515755734077,0,1
real_user_124,1503,627,413,95,1,1,22.64676048838711,2.7289155300857932,2.397129186602871,1.688335064435988,1,0
fake_user_498,57334,1852,24,10,1,0,451.0,2.8654709481099907,30.957883369330453,0.7916166165767433,0,1
fake_user_576,297532,6,23,18,0,1,1400.7593978070236,16.599192455583633,49588.666666666664,0.4763718155568501,1,1
real_user_685,2089,129,1911,119,1,1,30.428960094063402,1.6197880782068583,16.1937984496124,1.5341669780885714,0,0
real_user_652,27163,678,1733,148,1,0,1772.4449893425306,115.49806593424314,40.06342182890855,6.950421732786414,0,0
real_user_475,8516,1432,1044,49,1,1,269.81136991904606,23.110265364822023,5.946927374301676,3.4396622273821986,0,0
real_user_72,590,366,825,113,1,0,3.37934241765729,0.31777670648407097,1.6120218579234973,0.6266303600239596,1,0
fake_user_614,9983,2387,18,54,0,0,1638.8188151679062,490.136512109572,4.182237117720988,21.32580714492115,0,1
fake_user_637,496129,34,257,37,0,0,2496.6705857505453,30.224530781197807,14592.029411764706,0.5093221957458127,0,1
real_user_116,72064,745,1076,21,1,0,540.1822627854733,58.400564894397185,96.73020134228187,0.8306267035966233,1,0
real_user_777,58528,1918,669,276,1,1,1347.8709782901021,107.97706162466655,30.51511991657977,2.4874385591764088,0,0
fake_user_92,6098,1014,28,29,0,0,757.0427912674215,243.147016267219,6.013806706114399,16.40193190447098,1,1
fake_user_197,18639,65,54,0,1,0,89.54392615085644,1.6794684351868203,286.75384615384615,0.489422150255074,0,1
fake_user_66,59065,642,113,52,1,0,491.0,9.439046987939273,92.00155763239876,0.8472683433301267,0,1
real_user_242,683,379,405,12,1,0,19.665020391670147,2.443902552656462,1.8021108179419525,3.2370311777930616,0,0
real_user_114,7745,399,1678,98,1,0,130.14142006733962,14.05393135684366,19.411027568922307,1.861786332139229,0,0
real_user_531,704428,855,719,264,1,0,9154.39582947245,1034.1921325825201,823.8923976608187,1.4463632851128818,0,0
real_user_248,551,1029,374,159,1,0,1.0,0.0630903314610413,0.5354713313896987,0.19293835416715815,0,0
real_user_764,2517,1039,1223,55,1,1,76.0129517957977,5.103387096329234,2.422521655437921,3.2227389309545864,1,0
real_user_125,447,513,805,107,1,1,19.365971370554792,1.8789691041624863,0.8713450292397661,4.752783103963597,0,0
real_user_734,91943,1958,1699,118,0,1,557.4827702146663,63.85647980996643,46.95760980592441,0.6757874444216881,0,0
fake_user_493,78911,450,358,19,1,0,199.0,7.4563823996846885,175.35777777777778,0.2616319428212603,0,1
fake_user_396,198715,26,0,0,0,0,1407.1545535577045,20.267800141118727,7642.884615384615,0.7183264241244108,0,1
fake_user_224,88383,67,395,0,1,1,473.51746288494206,8.500560927986106,1319.1492537313434,0.5453741373487302,0,1
real_user_254,4557,448,866,80,1,1,67.12647942680438,8.870321890493413,10.171875,1.667693687015532,0,0
real_user_513,5014,331,915,134,0,0,7.952741250754018,0.38528117346197677,15.148036253776436,0.16629482297997594,0,0
real_user_528,2857,1947,1964,20,1,0,61.148831611518716,5.526798332649852,1.4673857216230097,2.3337637362327115,0,0
fake_user_178,117480,92,19,14,1,0,925.0094488136386,10.244136060939445,1276.9565217391305,0.7960960034683164,0,1
real_user_278,751,1001,663,149,1,1,8.699099976101598,0.8883026416404751,0.7502497502497503,1.276618191443685,0,0
fake_user_419,18350,2505,380,28,1,0,4413.129598402792,563.9439579392765,7.325349301397206,27.123016655815086,0,1
fake_user_5,1486,2486,39,1,0,1,310.8378380580381,68.4245290191596,0.5977473853580049,25.522366559703748,0,1
real_user_722,672,286,1898,92,1,0,19.420715513045142,0.4527690553824788,2.3496503496503496,2.957363775063634,0,0
real_user_576,74591,1363,829,112,1,1,1605.6005860023638,130.17230696930363,54.72560528246515,2.327054058762676,0,0
real_user_600,1413,1437,231,108,0,0,4.63694649050497,0.12902266886963612,0.9832985386221295,0.33729434956649723,0,0
fake_user_453,41878,679,29,7,0,0,146.0,5.0409616956763506,61.6759941089838,0.3606689949273517,0,1
real_user_693,348,645,358,157,0,0,17.788108244872067,2.1815032559945164,0.5395348837209303,5.738394109444421,0,0
fake_user_23,206409,48,40,0,1,0,1996.9283065317052,16.56202185544022,4300.1875,0.9754857241627766,0,1
fake_user_193,11832,1115,23,33,1,0,1230.853462034179,372.41017276011337,10.611659192825112,13.55023355978949,0,1
fake_user_523,364558,3,7,63,1,0,3203.2635378206264,60.47647626638721,121519.33333333333,0.8952594687503809,0,1
real_user_30,432272,1737,459,41,1,1,9068.993208980859,804.5476448929381,248.86125503742085,2.2841037249402683,0,0
real_user_668,326,522,58,269,1,0,10.10450338619351,1.4299406307223197,0.6245210727969349,3.538173011323874,0,0
fake_user_383,80169,341,44,0,0,0,480.0,16.324297063228396,235.09970674486803,0.6190975278015548,0,1
real_user_409,422,829,1211,143,1,1,6.083539088999643,0.824496202029838,0.5090470446320868,1.6369751874477443,0,0
real_user_753,215,102,1372,48,1,0,7.386356278124629,0.4607028058688548,2.107843137254902,3.649794922787667,0,0
fake_user_746,231870,85,21,41,1,1,725.124736551784,6.47966094009866,2727.8823529411766,0.31552352503207953,0,1
fake_user_124,410668,59,336,70,1,1,577.3812773455578,9.58924538765129,6960.474576271186,0.1429306697218213,1,1
real_user_548,312,382,934,99,1,1,4.492893265741476,0.454230871630414,0.8167539267015707,1.5856167106961188,1,0
real_user_776,3841,865,1467,121,1,0,168.4651088936713,6.509761325453261,4.440462427745665,4.555450929943363,0,0
fake_user_231,15156,1581,386,94,1,1,847.9663197857399,301.54464861622625,9.586337760910816,7.584527371351058,0,1
real_user_92,8793,1457,893,215,1,1,202.6388449264461,24.095588857997427,6.035003431708991,2.5785787988677757,1,0
real_user_752,327,142,143,270,1,1,12.19336918463077,1.0176517811915264,2.3028169014084505,4.040067573645962,0,0
fake_user_311,306260,2,17,0,1,0,335.76071232611054,1.3498620114766262,153130.0,0.1100733280015631,0,1
fake_user_301,15938,1958,332,0,1,0,404.0,17.968471182507773,8.139938712972421,2.647562248604014,0,1
fake_user_357,143872,52,39,13,1,1,439.647004546996,7.152247067405251,2766.769230769231,0.31055330544817705,0,1
fake_user_201,72487,912,5,0,1,1,50.0,1.597217208115851,79.48135964912281,0.07118133900991329,0,1
real_user_653,13903,880,1601,146,1,0,274.1239187460766,29.61207462359186,15.798863636363636,2.1846795178714555,0,0
real_user_23,9340,769,978,83,1,0,234.83827780964302,6.145162647656416,12.145643693107932,2.5801224888361824,0,0
real_user_625,466997,1346,1856,121,1,1,27090.256845922035,3675.854886400444,346.9517087667162,6.588074812541082,0,0
fake_user_762,394435,13,26,89,1,1,675.7642468676713,1.8956920557519525,30341.153846153848,0.17180522492259137,0,1
fake_user_278,450096,55,44,14,1,0,1608.7416683939011,7.275135382378347,8183.563636363637,0.3590382504568535,0,1
real_user_758,166,455,1205,56,1,0,6.328840673692583,0.5335747915666551,0.3648351648351648,4.133985220035685,0,0
real_user_479,254,418,548,119,1,1,12.69056824898399,1.183389102121538,0.6076555023923444,5.462187933506113,0,0
real_user_96,8372,1132,400,54,1,0,237.41481518105346,12.779426016512163,7.395759717314488,2.988464419464472,1,0
fake_user_97,85726,44,5,0,0,0,619.9411201772658,11.557480462387762,1948.3181818181818,0.7366476922283246,0,1
real_user_98,860,1342,724,196,0,0,10.869277622987417,0.5189682033750037,0.6408345752608048,1.3242146309723746,1,0
real_user_374,6301,1551,320,198,1,1,114.11182897415325,11.553649597016722,4.06254029658285,1.9943735688171715,0,0
real_user_316,506,870,694,138,1,1,23.868318281107044,0.7830664047229532,0.5816091954022988,4.871815155302371,1,0
real_user_462,1425,826,653,140,0,0,50.646928063127326,6.644731400590211,1.725181598062954,4.020467330787195,1,0
fake_user_653,232414,45,7,26,1,0,2272.339000892992,8.268881523206018,5164.7555555555555,0.9812695803248503,1,1
real_user_211,3883,941,1691,26,1,0,2.713268180062264,0.24311651828484773,4.126461211477152,0.0761366134006467,1,0
real_user_46,54751,1267,720,34,1,0,2490.7534851686014,147.95128464526368,43.21310181531176,4.819464064243329,0,0
real_user_71,5937,184,160,21,1,0,90.34660877816616,11.392755399495355,32.266304347826086,1.713649388203832,0,0
real_user_270,7454,1468,472,92,1,0,539.6371317619763,77.26572920835422,5.077656675749319,8.276131754364508,0,0
fake_user_641,401684,33,8,0,1,0,3997.1868392084502,50.070328866180404,12172.242424242424,1.0075724121634495,0,1
fake_user_148,207034,75,8,0,1,0,1557.1447387846238,26.60844943466416,2760.4533333333334,0.7649725109012472,0,1
real_user_410,634,1100,683,24,1,1,5.719855975626231,0.47876706905900934,0.5763636363636364,0.9777007956916784,0,0
fake_user_594,7408,1292,44,41,1,0,1118.7749078825093,170.99300494998735,5.733746130030959,17.41047398531988,0,1
real_user_467,4505,1698,625,106,1,0,113.89972699197763,2.697329960527628,2.653121319199058,2.5881699656493953,1,0
fake_user_84,3658,2910,16,0,0,0,866.7789969178652,324.5382827757309,1.2570446735395189,32.56744887079268,0,1
fake_user_800,24347,301,44,0,0,1,380.0,14.121058828304207,80.88704318936877,1.6187664140481548,0,1
fake_user_555,71321,1703,110,0,1,0,150.0,1.867565790885313,41.87962419260129,0.21293527262781692,0,1
fake_user_394,49501,798,251,10,0,0,85.0,0.10374342740778453,62.031328320802004,0.17192328120120356,0,1
fake_user_234,39161,1994,43,21,0,0,63.0,0.20757201466973263,19.639418254764294,0.16140438705515622,0,1
real_user_558,413,717,1159,130,1,0,13.379166733365038,1.093638044414701,0.5760111576011158,3.5043110842081693,1,0
fake_user_207,22779,561,312,0,1,1,241.0,4.6509422950965975,40.60427807486631,1.078409685653877,0,1
fake_user_284,497289,41,5,0,1,0,2812.8053954853626,20.98471753375024,12129.0,0.569847737034021,0,1
fake_user_277,221423,40,3,12,1,1,1617.2810090130624,27.676947732362162,5535.575,0.7429029309265183,0,1
real_user_139,105,320,1665,39,1,0,1.75598897587118,0.12830950868804103,0.328125,1.794569985294496,0,0
fake_user_79,247231,33,45,0,0,0,1777.6816829753936,34.436845663384865,7491.848484848485,0.732965739991659,0,1
fake_user_469,15211,943,169,15,0,0,1314.4093540056986,485.27118254041693,16.130434782608695,11.831441302650157,1,1
real_user_127,455,684,1273,16,1,0,6.927920847193461,0.8536035213178021,0.6652046783625731,1.710225135936541,1,0
real_user_754,53700,1803,1032,79,1,0,1091.4739437116277,52.82177106156975,29.78369384359401,2.1309044967843525,0,0
fake_user_527,411404,68,79,23,1,0,2422.525450463074,4.327155215298527,6050.058823529412,0.5898952381791068,0,1
real_user_797,72374,1053,458,8,1,0,133.2837371281692,12.66763253961581,68.7312440645774,0.20166270990657556,0,0
real_user_407,272,490,607,98,1,0,3.5199768672072818,0.08675390094838936,0.5551020408163265,1.3260039588807615,1,0
fake_user_572,5963,1672,48,56,1,0,368.9624672619732,126.15598819392491,3.5663875598086126,8.30317718356361,0,1
real_user_69,311,69,1898,18,1,0,8.87450307674218,0.4001648510001215,4.507246376811594,2.982208336894631,0,0
fake_user_463,18953,2474,10,0,1,0,5324.08160166046,796.707317790863,7.660873080032336,32.294565079150125,0,1
fake_user_700,429409,99,320,17,0,0,3368.908336202351,28.917097730370475,4337.464646464647,0.7912795106606341,1,1
real_user_673,803,479,1066,109,1,1,38.40470320524197,3.557005436674773,1.6764091858037578,5.225617514559993,0,0
fake_user_553,186469,31,1,5,1,0,723.3992184929865,5.302438253497865,6015.129032258064,0.3907897059277866,0,1
real_user_284,3121,175,1053,225,1,0,29.970418774194986,0.8523193427091151,17.834285714285713,0.9875917371645018,0,0
real_user_290,133,506,755,15,1,0,2.7573319872013555,0.2117307096166303,0.2628458498023715,2.2323779675323197,0,0
real_user_129,807,587,962,177,1,1,17.674765759637115,2.5830241203105526,1.374787052810903,2.5102589690145805,0,0
fake_user_338,97595,54,42,13,0,0,867.0901358101975,9.86554677915964,1807.3148148148148,0.8985661996919485,0,1
fake_user_173,14916,1676,25,85,1,0,985.1941159122277,324.66067309860216,8.899761336515514,8.78154189468242,0,1
real_user_675,2012,435,1585,73,1,0,22.163197516112927,1.8549694938226007,4.625287356321839,1.1937458752453045,0,0
real_user_740,740,1208,1968,113,1,0,15.40577488948091,1.4586719432098532,0.6125827814569537,2.278979301714968,1,0
real_user_178,669,258,1960,137,1,0,24.915761708729278,0.7005968049411019,2.5930232558139537,3.8290520947190405,0,0
real_user_447,9905,699,58,22,1,1,5.172137258598623,0.710578093633202,14.170243204577968,0.059391371552062845,0,0
fake_user_333,494379,34,9,72,1,1,3711.5718977210663,7.759132158303294,14540.558823529413,0.7523238304781088,0,1
fake_user_782,9431,583,23,40,1,0,2054.3350345610106,350.8870349381877,16.176672384219554,25.503361992357103,0,1
fake_user_711,189607,8,27,57,1,0,925.8887948511743,3.219287338585672,23700.875,0.490017816952834,0,1
fake_user_389,360086,71,471,0,0,1,1118.2702083551276,1.1452148552217247,5071.633802816901,0.3108744642142014,0,1
fake_user_169,7242,864,9,0,1,1,1804.2698869647456,329.95411989326044,8.381944444444445,29.470091229743247,0,1
real_user_81,6633,697,1188,139,1,1,330.4670935231318,46.19918322747116,9.516499282639884,5.678671442041353,1,0
real_user_390,610,790,970,88,0,1,18.71635852014679,1.649867198391705,0.7721518987341772,3.3387255276292613,0,0
real_user_553,97557,1114,341,15,1,0,9600.98626280342,277.3142478604572,87.57360861759426,10.125670644509238,1,0
real_user_742,8728,1678,1538,141,1,0,420.9907064699503,62.677496641504945,5.201430274135876,5.541569696510716,0,0
fake_user_251,191419,5,386,61,0,1,1705.5395064842924,21.629755910186397,38283.8,0.9022977146440421,0,1
real_user_256,44319,1766,614,125,0,0,2714.613977070991,391.40184543969167,25.095696489241224,7.008316574179657,1,0
real_user_794,9204,683,62,69,1,0,10.18439845773883,1.0820577790672876,13.475841874084919,0.12240825985230462,0,0
fake_user_596,66288,964,296,19,1,0,209.0,5.2540211726944355,68.76348547717842,0.32321690377246926,0,1
real_user_86,917,956,184,121,1,1,14.116491315753375,1.8554936059042466,0.9592050209205021,1.741764986004103,0,0
fake_user_531,52609,958,419,0,1,0,455.0,9.069050653303146,54.91544885177453,0.8821096212688003,0,1
fake_user_147,7849,2600,49,0,0,1,1642.6659515276147,531.9237349584845,3.018846153846154,27.705308784381437,0,1
real_user_221,742,747,1025,119,1,1,1.0,0.06926441852587598,0.9933065595716198,0.14410571678246306,0,0
fake_user_101,317170,46,355,40,1,0,638.110451446053,8.665270635527227,6895.0,0.20392083806210556,0,1
fake_user_308,54959,1633,6,53,1,0,397.0,6.4786224619147115,33.65523576240049,0.7341447669388357,1,1
real_user_637,7073,311,587,107,1,1,405.0257315019333,23.682328899983883,22.742765273311896,6.061191296506676,0,0
real_user_326,144,139,1156,139,1,1,2.299787224832106,0.17491646191764235,1.0359712230215827,1.7185442269095477,0,0
real_user_222,4405,784,895,238,1,0,91.68068941372415,12.923515881236701,5.6186224489795915,2.374669813733504,0,0
fake_user_541,102453,78,44,93,1,0,874.0268659701997,9.975106809500621,1313.5,0.8628365911976226,0,1
real_user_48,136,273,1701,141,1,0,1.0,0.06041113487799564,0.4981684981684982,0.7797140697632321,1,0
fake_user_645,9245,2234,48,0,0,0,1819.3123408026408,393.879343577812,4.138316920322292,23.93933676993459,0,1
real_user_151,473,186,1199,95,1,1,26.26892640222991,0.9221624989762415,2.543010752688172,5.748644587992843,1,0
real_user_299,62581,420,224,43,1,1,205.16396609042425,12.858807540194869,149.00238095238095,0.3483849309384943,0,0
fake_user_760,15957,1285,46,9,1,1,3744.1469607747354,1097.4201887268111,12.417898832684825,30.341337027646464,1,1
real_user_201,633,448,1564,79,1,1,33.48839256904625,0.9192910154696865,1.4129464285714286,5.435653014931428,0,0
real_user_716,6685,1161,370,92,1,0,174.04603411145658,22.228790813239662,5.757967269595176,2.936048241207124,0,0
fake_user_486,13536,518,220,0,1,0,248.0,4.294731295380551,26.131274131274132,1.863879516071074,0,1
real_user_360,6409,1080,241,238,1,0,126.5967185435692,11.242546237177704,5.934259259259259,2.150714070537477,0,0
fake_user_774,20286,4,18,11,0,0,37.55578684316848,0.16857870523290844,5071.5,0.18596256308982248,0,1
real_user_598,89290,1676,176,8,1,0,1123.4498695437596,42.36217520723171,53.275656324582336,1.3056468190737949,1,0
real_user_353,36805,554,1199,1,1,1,18.543331308533837,1.2494069636359924,66.43501805054152,0.05377730817054702,0,0
fake_user_665,77528,668,75,16,0,1,285.0,5.441805909236566,116.05988023952096,0.3746282709591845,0,1
real_user_401,5982,1818,1372,143,1,1,313.9837133520861,7.806367259766428,3.2904290429042904,5.379305927981487,0,0
fake_user_266,38164,1568,458,20,1,0,120.0,3.431166756570561,24.339285714285715,0.3234230341593401,0,1
fake_user_513,26898,72,6,0,1,0,27.605159308317575,0.03787603873034817,373.5833333333333,0.10276985406739506,0,1
real_user_550,83876,1583,476,133,1,0,4565.656138559173,613.5388940204082,52.98547062539482,6.174823587891151,0,0
real_user_478,7245,199,397,121,1,1,46.5997558894101,1.7323320445776555,36.4070351758794,0.6671095643062491,1,0
real_user_508,304955,1543,237,74,1,0,4797.120037608703,161.83299221198732,197.63771872974723,1.6261261595385188,1,0
fake_user_786,479212,75,38,0,0,0,3855.6220438342366,47.585833495945735,6389.493333333333,0.8145054542311508,0,1
fake_user_196,45501,80,15,26,1,0,415.55447758870116,2.1526624739969518,568.7625,0.9180174942588033,0,1
real_user_59,294656,799,305,104,1,1,12988.515351492966,699.0565710751293,368.78097622027536,4.645271748265127,1,0
fake_user_252,34102,772,42,0,1,0,476.0,5.4044653559601254,44.17357512953368,1.4116605048265793,1,1
fake_user_4,147964,99,286,0,0,1,499.5448919979107,6.765681773466032,1494.5858585858587,0.3421849732173885,1,1
fake_user_631,13177,1576,28,96,1,0,1084.0028713194151,193.73296583105326,8.361040609137056,9.696712735451683,0,1
real_user_216,1760,1727,173,39,1,0,91.05490191836762,6.339156674376499,1.019108280254777,5.533753329133188,0,0
fake_user_464,75908,454,7,36,1,1,174.0,4.779364899019916,167.19823788546256,0.23552111094880634,0,1
real_user_28,192,275,477,270,1,1,12.14196709675073,1.4013096722502392,0.6981818181818182,7.053789983854671,1,0
fake_user_258,34071,71,9,24,1,0,216.5051931648443,1.6191976947233904,479.8732394366197,0.640205426490469,0,1
fake_user_578,447617,39,105,12,0,0,2602.4125792201503,35.395620631940716,11477.358974358975,0.5893002722979893,0,1
fake_user_135,3061,1917,33,0,1,0,295.1524164198822,32.63599441207289,1.5967657798643715,10.708540046780628,1,1
real_user_686,4188,1237,1651,241,1,1,4.061365909237977,0.5795344074127998,3.385610347615198,0.11081423869748752,0,0
real_user_792,687,237,444,204,1,1,15.553670087472282,0.7115702445237211,2.8987341772151898,2.367575011935372,1,0
fake_user_791,83752,522,39,81,0,1,95.0,4.453151285917446,160.44444444444446,0.11874719563224453,0,1
real_user_373,47880,1056,789,116,1,1,1672.039414531243,117.5750678640612,45.34090909090909,3.7377077744262825,1,0
fake_user_387,279328,74,40,99,1,0,2735.8349243791768,41.49839582625783,3774.7027027027025,0.9942910557500267,0,1
fake_user_454,51226,831,18,0,1,0,137.0,2.4780219483540127,61.643802647412755,0.2722797445600945,0,1
fake_user_129,428183,57,391,5,0,0,1069.013097812294,6.401096824130058,7511.982456140351,0.25115761126350744,0,1
fake_user_657,149644,66,0,0,0,0,377.4762351331457,2.2784891604579216,2267.3333333333335,0.2537721019844455,0,1
real_user_641,277,660,166,260,1,1,5.7213594783946045,0.8509625435833649,0.4196969696969697,2.3726794303169565,0,0
fake_user_78,10906,1355,49,88,1,0,1278.8951682786967,319.5645266266207,8.048708487084872,14.656699934946978,0,1
real_user_225,51136,1689,965,33,1,0,1006.9282184085243,30.11740071137667,30.275902901124926,2.0280147432726476,1,0
fake_user_218,7387,1186,260,0,0,1,100.0,2.6561682829357993,6.228499156829679,1.3896868591164993,0,1
fake_user_336,308890,22,296,0,1,0,2299.3618538350993,27.276673075395628,14040.454545454546,0.7532255906343666,0,1
real_user_196,8460,1735,1448,162,1,1,10.462260429290225,0.48081179907149624,4.876080691642652,0.12935073555983123,0,0
fake_user_260,398771,78,2,52,0,0,716.9060120186214,10.855923564031503,5112.448717948718,0.18250121889070492,0,1
fake_user_321,119429,96,417,14,0,0,946.4050443078453,12.918258518603416,1244.0520833333333,0.8032582562245758,1,1
fake_user_471,84872,1518,14,0,0,0,382.0,12.478136467803495,55.91040843214756,0.46479184709657306,0,1
fake_user_575,18188,2805,2,0,0,1,2824.4228759744,360.69737669213947,6.484135472370767,17.51220723920464,0,1
fake_user_161,383839,78,36,0,0,0,2832.841602216521,3.5896465550243764,4921.01282051282,0.7389637970012285,0,1
fake_user_505,59171,1275,7,40,0,0,200.0,4.403629062832518,46.40862745098039,0.34544562211697033,0,1
real_user_678,4583,1294,1445,111,0,1,249.9022426967552,21.04932926816802,3.541731066460587,5.912100632007926,0,0
fake_user_264,151302,45,40,0,0,0,324.6399992158434,6.18515891600719,3362.266666666667,0.21865220428801377,0,1
fake_user_577,89513,1386,183,0,1,0,306.0,9.936365929365992,64.58369408369408,0.3529502596598997,0,1
fake_user_740,8065,2057,48,24,0,0,2171.242049410416,743.0964736729301,3.9207583859990276,36.135629548460585,0,1
real_user_200,162,563,1533,141,1,1,12.703547629884016,0.3505718816019104,0.2877442273534636,8.058098463880201,1,0
real_user_427,920,274,961,298,1,0,26.331257547675502,3.7710299522992448,3.3576642335766422,3.2719877717363857,0,0
fake_user_488,301335,90,2,0,1,0,2928.700983874287,47.817164571501195,3348.1666666666665,0.9877771080179163,0,1
real_user_190,7265,818,1668,117,0,0,39.36652362619714,3.7826299108738843,8.881418092909536,0.5939319137931318,0,0
real_user_318,42860,1304,1065,22,1,0,2467.719317794651,224.87021626787248,32.8680981595092,6.282290093472989,0,0
real_user_366,3378,1922,171,162,1,1,51.28864403277292,3.7283093996731527,1.7575442247658688,1.628684234234638,0,0
fake_user_87,1480,873,113,51,0,0,295.2017597559791,88.66340178865202,1.695303550973654,25.936835239502106,0,1
real_user_352,451,323,800,72,1,0,15.006772921066224,2.1433555674512172,1.3962848297213621,3.802689243573712,0,0
fake_user_297,255485,89,45,18,1,0,1407.5274350701832,4.726102889723776,2870.61797752809,0.5527735632071968,0,1
fake_user_422,76389,1011,21,88,0,1,84.0,1.451585769925648,75.55786350148368,0.11186373138792974,1,1
fake_user_99,101404,65,144,0,0,0,683.1153678644641,7.139708541005978,1560.0615384615385,0.6806980754264823,0,1
real_user_35,72447,1553,1043,24,1,1,5395.633387479002,421.21394480178355,46.64971023824855,8.029107253966052,1,0
fake_user_592,15439,1368,4,0,0,0,4454.535246814942,1009.6151166633307,11.285818713450292,35.39186711236656,0,1
real_user_174,34584,466,1037,171,1,1,2745.1147034154383,301.95467178013337,74.21459227467811,8.810633169082731,0,0
fake_user_306,69054,395,8,0,1,1,483.0,13.718908348436972,174.82025316455696,0.7193195301480536,1,1
real_user_171,1187,1573,404,284,1,0,1.829560644316083,0.11460671027381363,0.7546090273363001,0.16378831967901403,0,0
real_user_557,519,668,171,122,1,0,19.92927486604082,1.8618703291241372,0.7769461077844312,4.198679228355483,0,0
fake_user_268,338981,96,17,21,0,0,1279.579406379438,7.823751276875032,3531.0520833333335,0.37978622921529914,0,1
real_user_461,36043,665,1828,19,1,0,1288.4902035836203,110.92343674639724,54.2,3.882622535110889,0,0
real_user_330,89187,386,1555,109,1,0,1382.839179560131,84.96020427187672,231.0544041450777,1.6457548564611524,1,0
fake_user_695,82808,1817,1,65,1,1,328.0,2.678475547763992,45.574023115024765,0.39933155679132937,0,1
fake_user_742,85960,1955,40,49,0,0,337.0,12.235533532413296,43.969309462915604,0.4062767956403133,0,1
fake_user_503,68900,1414,17,0,0,0,460.0,17.044283136407866,48.727015558698724,0.6923719639135092,0,1
real_user_47,38526,1337,1685,36,1,0,1132.8889808184344,47.401389358218545,28.81525804038893,3.0636203347782094,0,0
fake_user_731,32387,920,2,0,1,0,339.0,1.6362429224036135,35.20326086956522,1.0517684346262501,0,1
real_user_441,652757,1854,459,114,1,0,46076.46188560798,959.7140166154466,352.0803667745415,7.205771198504716,0,0
fake_user_562,355477,73,20,16,1,1,2787.6945713481405,14.818857538829526,4869.54794520548,0.7883810848203878,0,1
real_user_188,4942,512,626,221,1,0,4.391554630558577,0.27699488600968997,9.65234375,0.09446680527252665,0,0
fake_user_150,121124,37,375,0,1,0,930.6583380461929,11.913219679579246,3273.6216216216217,0.7781872772743404,0,1
real_user_31,1776,779,784,77,1,0,3.155774791442416,0.3600037347304058,2.2798459563543005,0.19796050259982106,0,0
fake_user_668,34866,1940,2,99,0,0,424.0,10.261388727056124,17.972164948453607,1.2455153694919294,0,1
real_user_199,9327,1243,1190,95,1,0,506.58339050212356,13.773317434904532,7.503620273531778,5.579036216758101,0,0
real_user_696,2897,618,1621,3,1,0,141.30423573608215,14.222205073182518,4.6877022653721685,5.368534373809619,0,0
real_user_349,17961,811,1624,149,0,0,220.15203195023938,24.080130316531037,22.146732429099877,1.3597915609752822,0,0
real_user_144,18730,112,1395,108,1,1,1008.630114614223,102.43695998463694,167.23214285714286,5.932018550981634,0,0
real_user_135,100,578,62,86,1,1,1.0,0.1175758164515862,0.17301038062283736,1.117575816451586,0,0
fake_user_298,99550,200,33,0,1,0,243.0,9.751101002607928,497.75,0.2538936223029713,0,1
real_user_6,266,733,1323,79,1,1,2.290642582445327,0.12782029700529576,0.36289222373806274,0.9091965712220387,1,0
real_user_210,8822,1264,304,118,1,0,112.31781052039393,3.860672439573868,6.9794303797468356,1.3169177392877782,0,0
fake_user_151,7704,653,18,0,0,0,1195.4068328643862,461.04141980865916,11.797856049004594,21.501145543523435,0,1
real_user_306,52102,1615,1619,114,1,0,991.8469276579178,53.70595703766827,32.26130030959752,2.0067423221672605,1,0
fake_user_370,434559,48,167,21,0,0,2190.1450710507197,3.7345670967194957,9053.3125,0.5048519621380386,0,1
fake_user_783,94115,1987,44,25,1,0,50.0,0.5476029748372375,47.36537493709109,0.05370833870779072,0,1
real_user_536,93960,603,1362,17,1,0,4775.473714778597,674.2578652552046,155.82089552238807,5.800054895736273,0,0
real_user_357,5936,1334,391,98,0,1,73.69678387036012,6.703835014092923,4.4497751124437785,1.3544578653041282,1,0
fake_user_11,18228,2376,169,90,1,0,4888.4087904849175,1734.3989570152005,7.671717171717172,36.33315639400986,0,1
real_user_448,676,421,1720,108,1,0,39.712873414432124,4.922112949355004,1.6057007125890737,6.602808633696321,1,0
real_user_636,676,578,134,91,1,0,1.0,0.0668502262096597,1.1695501730103806,0.15781808080024554,0,0
real_user_350,4757,475,884,126,0,0,9.20310195571659,1.2290820050083764,10.014736842105263,0.21930174397151495,1,0
fake_user_263,18267,2223,16,71,1,0,4083.758225599385,1482.50009684059,8.21727395411606,30.47166104144071,0,1
real_user_337,988,262,744,36,1,0,1.0,0.056658572951573886,3.7709923664122136,0.1069492482744508,1,0
fake_user_219,126905,8,2,0,0,0,561.3848675032618,7.840381876925208,15863.125,0.44854438310562,0,1
real_user_118,6373,425,761,65,1,0,207.35131887701013,9.998447032169087,14.99529411764706,3.4104780465899767,0,0
real_user_305,8031,1950,1261,28,1,0,137.95778933961174,17.88300961637612,4.118461538461538,1.940490585929372,0,0
fake_user_53,7807,1536,11,0,1,1,486.0,14.097353626131335,5.082682291666667,6.405755778482533,0,1
real_user_166,244,681,106,63,1,0,5.617511608754223,0.7348973806065247,0.35829662261380324,2.603446307115061,0,0
fake_user_228,76519,1856,7,0,1,0,71.0,2.5324165838543276,41.22790948275862,0.09609693877841363,0,1
fake_user_76,9450,2320,181,0,1,0,2381.1943545462777,284.47394964752453,4.073275862068965,28.208130203109015,1,1
real_user_205,985,1149,1409,42,1,0,42.46938224669385,4.300007048614168,0.8572671888598782,4.7481613497774635,0,0
fake_user_515,97306,529,14,20,1,1,220.0,0.6491453861382016,183.94328922495274,0.2267580060696547,1,1
fake_user_54,225298,43,480,49,0,0,255.07856450971772,0.6438056772057451,5239.488372093023,0.11350405693211811,0,1
real_user_10,9224,1851,1255,100,1,0,170.94546818742754,21.105876744701572,4.983252296056186,2.082083097703048,1,0
fake_user_639,399539,95,77,0,0,0,1369.3232758804866,19.39920614486002,4205.6736842105265,0.3475812078483819,0,1
real_user_418,714196,1902,865,13,1,0,9966.24041209366,207.69754320623974,375.4973711882229,1.4245302347394693,0,0
fake_user_790,6434,2184,24,0,0,0,1201.0617493648692,159.86196387702873,2.945970695970696,21.152062686383243,0,1
fake_user_702,345071,65,18,24,0,1,2779.656356979946,18.381860823751055,5308.784615384616,0.8108586980081482,0,1
real_user_136,6973,1358,1765,1,1,0,68.91067863108177,9.999065874013537,5.134756995581738,1.1316469884568379,0,0
real_user_755,322,187,1824,10,1,1,1.909001616520851,0.26373145084646127,1.7219251336898396,0.6747618221637616,0,0
real_user_83,5114,1971,1763,126,1,1,126.48244777776637,15.775904335971669,2.5946220192795537,2.781743295145444,0,0
real_user_380,5808,1134,465,26,1,1,127.83685078739204,14.325005051134594,5.121693121693122,2.4476903553465332,1,0
real_user_710,9332,1957,1135,110,0,0,206.51149374419415,23.750758687152604,4.768523249872254,2.4674480543436217,0,0
real_user_261,4563,398,198,76,1,0,7.707398005421129,1.0549765639855064,11.464824120603016,0.19203100086361244,0,0
fake_user_708,1805,1958,5,95,1,1,347.06615519914504,73.69609903255602,0.9218590398365679,23.310928212282604,0,1
fake_user_659,70053,1035,1,95,1,0,288.0,1.3216943058179518,67.6840579710145,0.4130040031202346,0,1
fake_user_777,45691,82,141,8,1,1,102.4135537497542,1.133692726106068,557.2073170731708,0.22662503879508056,0,1
fake_user_109,379735,77,9,0,0,0,1131.0852744939896,5.23287720842085,4931.623376623376,0.2992397729212241,0,1
real_user_682,2638,1315,1080,15,1,0,106.45757459820798,15.733722548713608,2.006083650190114,4.631967291392024,0,0
fake_user_679,39434,1503,440,0,1,0,248.0,5.364107643478108,26.23685961410512,0.6425016677067458,0,1
real_user_618,436,351,913,41,1,1,1.5761367073017647,0.1465896600563046,1.2421652421652423,0.3951207264582728,0,0
fake_user_170,65277,579,4,9,1,0,442.0,5.230757419418653,112.74093264248705,0.6851276213971516,0,1
real_user_334,2550,1087,1851,46,1,0,84.09638180496945,6.928833047251289,2.3459061637534497,3.5696162687145385,0,0
fake_user_545,80644,1918,31,9,0,0,127.0,2.3361003405025733,42.0458811261731,0.1603790738808871,0,1
fake_user_738,163597,44,37,78,0,0,791.0543701877873,1.06956851438888,3718.1136363636365,0.48419221544537866,0,1
real_user_376,4700,1549,1510,23,1,1,274.25921974680654,32.526001309448326,3.034215622982569,6.527345128856486,0,0
fake_user_654,84419,1475,6,10,0,0,454.0,9.896260970262867,57.23322033898305,0.5495164133314335,1,1
fake_user_521,194338,61,4,27,1,0,1201.2534640001743,18.647115961711886,3185.8688524590166,0.6277210735738179,0,1
fake_user_704,50612,1320,273,0,1,0,413.0,13.652873393943219,38.342424242424244,0.8429875788230918,0,1
real_user_431,299,330,422,286,1,0,10.004192427447558,0.7640388094317059,0.906060606060606,3.6014151293910577,0,0
fake_user_302,97820,42,45,7,1,1,665.0277439727286,5.02952314777356,2329.0476190476193,0.6849900502151933,0,1
fake_user_343,19438,56,4,71,1,0,117.30687901769706,1.8140711731559116,347.10714285714283,0.6128251373127532,0,1
fake_user_638,31934,10,227,0,1,1,285.9410595688263,3.4378628682320196,3193.4,0.9061781249986168,0,1
real_user_676,394,346,779,140,1,0,1.0,0.04263940065385769,1.138728323699422,0.2646292895060553,0,0
fake_user_337,199075,41,323,2,1,0,526.6692952103822,4.72959235833393,4855.487804878048,0.2669340135972453,0,1
real_user_516,980,951,1890,162,1,0,22.324175042879975,2.0186962813664344,1.0304942166140905,2.483966461657797,0,0
fake_user_525,3942,1388,22,26,0,0,693.9376810481301,220.9313710498429,2.8400576368876083,23.20824586752849,0,1
fake_user_96,26088,856,128,0,0,0,349.0,10.295314986597011,30.476635514018692,1.3772436177039138,0,1
real_user_511,61699,1021,1795,198,1,0,1737.2629954685767,190.71720656751526,60.429970617042116,3.1248159646608404,1,0
fake_user_267,383463,98,10,0,1,0,461.4338305332373,6.1690108610483945,3912.887755102041,0.12194210168759063,0,1
real_user_639,938,847,1818,250,1,0,13.003384532241258,1.3418990285710344,1.1074380165289257,1.529347927591929,0,0
fake_user_304,33836,92,14,3,1,0,312.52665038285073,5.029111771660823,367.7826086956522,0.938514487984725,0,1
real_user_762,364,103,1239,6,1,1,1.0,0.05018761273829544,3.533980582524272,0.28851308042260865,1,0
fake_user_191,72356,1344,34,7,1,0,142.0,2.284657978917607,53.836309523809526,0.1994093896552015,0,1
fake_user_36,231865,76,2,40,0,0,910.7654001171425,2.3571629817875217,3050.8552631578946,0.3938164721277166,1,1
fake_user_65,4804,2824,12,0,1,0,1040.0889993479095,127.0471216313885,1.7011331444759208,24.295089945447504,0,1
fake_user_41,351618,95,20,14,0,0,985.5104320269963,2.7994014566128036,3701.242105263158,0.2810748691715467,0,1
fake_user_430,53667,1434,40,29,0,0,322.0,12.113673483846707,37.42468619246862,0.6225681955090591,0,1
fake_user_295,71159,34,226,9,0,1,268.9349812001151,4.6331420631135956,2092.9117647058824,0.3844462728020752,0,1
real_user_43,3092,1084,1766,48,1,0,204.19990927661945,6.689765346230903,2.8523985239852396,6.820494004619998,0,0
real_user_26,9660,220,929,123,0,0,214.14361394469194,24.550465786540002,43.90909090909091,2.4709532063274526,0,0
fake_user_718,17579,46,200,0,1,0,147.9092427093693,2.315034243890553,382.1521739130435,0.8545666815703956,0,1
real_user_530,798747,1530,617,236,1,1,15618.369377953211,1677.742010641299,522.056862745098,2.1654054899229056,0,0
fake_user_542,52549,71,3,0,1,0,339.5813198294855,6.609915198333074,740.1267605633802,0.6587969990443558,0,1
fake_user_529,383791,47,80,14,1,0,1502.2500592192916,25.242935564297426,8165.765957446809,0.3980012545326986,0,1
fake_user_204,13514,56,222,49,0,0,124.7606515329636,1.138170847841418,241.32142857142858,0.9316177473790516,0,1
real_user_121,318,292,1347,15,1,0,16.133647817943075,1.1238974621005253,1.0890410958904109,5.426901031460252,1,0
real_user_302,512,986,1679,102,1,1,21.220316127473133,1.559025022435642,0.5192697768762677,4.449090068341557,0,0
fake_user_55,155550,82,5,0,1,1,770.5024989928143,10.124190354456221,1896.9512195121952,0.5018493663434719,0,1
real_user_691,33512,474,484,65,0,1,237.71819082048447,17.41375740161266,70.70042194092827,0.7613151952199126,0,0
real_user_495,57783,1389,910,66,1,0,1625.4135099674977,240.21684803594806,41.600431965442766,3.2286837962782236,0,0
real_user_608,709,240,1755,20,1,1,35.375684903178076,1.186713991373079,2.9541666666666666,5.156896882165184,0,0
real_user_309,67123,552,1407,116,1,0,841.0320503139301,57.545060267400835,121.59963768115942,1.3387022489777438,0,0
fake_user_30,25963,710,443,0,0,0,369.0,8.986196457134126,36.56760563380282,1.455864870997705,0,1
real_user_204,3516,1420,1754,106,1,1,5.194540506098007,0.44593342799031993,2.476056338028169,0.16042303566804114,0,0
real_user_650,2226,594,486,102,1,0,39.473971338572696,2.5538522691716867,3.7474747474747474,1.8880423902850125,1,0
fake_user_75,26757,3,1,52,0,1,139.8122335510004,1.8681604427491503,8919.0,0.5295077699060041,0,1
real_user_378,17339,1906,59,196,1,0,347.08441541397156,44.59641170023016,9.097061909758656,2.258958573817416,1,0
real_user_793,35478,910,357,146,1,0,1736.9385301037637,88.14613420284424,38.98681318681319,5.144271560704121,0,0
fake_user_35,470524,29,36,0,0,0,3888.5830164424556,51.654970599144384,16224.965517241379,0.8374148793773749,0,1
fake_user_563,14673,13,57,95,0,0,58.05446420838737,0.17963973991015816,1128.6923076923076,0.39687932902813006,0,1
real_user_394,803,516,1703,85,1,1,77.52415555288624,2.4549715861931505,1.556201550387597,9.960040739611381,0,0
real_user_727,113,394,1899,27,1,0,1.0,0.020688485466313255,0.2868020304568528,0.9032641464303657,1,0
fake_user_287,94126,1369,22,0,0,0,316.0,14.214651313304074,68.75529583637692,0.3508219315739584,0,1
fake_user_462,13075,1216,41,0,0,0,3611.5009167441344,681.9773612059407,10.752467105263158,32.837309965201335,0,1
real_user_485,8703,658,184,2,1,0,476.4481926544151,23.13590075265352,13.22644376899696,5.740366464518771,0,0
real_user_749,3024,858,1284,258,1,0,100.66889283266781,3.370689218667052,3.5244755244755246,3.440462369422449,1,0
fake_user_72,299039,30,442,0,1,0,1583.5039915458472,17.45495458405685,9967.966666666667,0.5353679440239915,0,1
real_user_435,672,294,310,127,1,0,9.719204088453381,1.263290463039937,2.2857142857142856,1.6342997844484102,0,0
fake_user_70,50221,296,9,0,1,0,346.0,6.956066580472657,169.66554054054055,0.7028057318262732,0,1
real_user_158,481,785,806,16,1,0,1.0,0.047852337250545954,0.6127388535031847,0.21784871876310727,0,0
fake_user_288,41075,1748,10,89,0,1,488.0,10.100296977481486,23.498283752860413,1.2126604917285002,0,1
real_user_50,13150,248,1325,78,1,0,319.2422707073263,38.79357167582416,53.024193548387096,2.7227060257273803,1,0
real_user_714,8615,1606,1795,139,1,0,212.37490590807963,28.97607113725042,5.36425902864259,2.8015203371483466,0,0
fake_user_626,98244,978,2,9,0,0,197.0,7.104712703338859,100.45398773006134,0.20775285279848016,0,1
real_user_610,162,289,383,46,1,0,8.833852649269119,1.3089922861992709,0.5605536332179931,6.261015392264438,1,0
real_user_440,4719,336,1046,141,1,1,165.04275018379292,14.365143461051545,14.044642857142858,3.801820166239552,0,0
fake_user_732,176907,69,210,0,1,0,192.08448846220682,1.1053868730596905,2563.8695652173915,0.10920420070164918,0,1
fake_user_707,16253,1343,15,0,0,0,4470.9542091263675,1028.8546094883843,12.102010424422934,33.838730195131674,1,1
fake_user_365,18351,1172,40,2,1,0,1172.9828022948043,169.02210202315518,15.657849829351536,7.3129796976620325,1,1
real_user_728,666,918,89,121,1,1,10.709204681444199,1.1978327876885149,0.7254901960784313,1.7878434638337408,0,0
fake_user_203,6785,769,368,0,0,0,1816.911981401987,372.53885430243105,8.823146944083225,32.26898799859128,0,1
real_user_320,6182,1488,1503,71,1,1,58.954530445310695,2.5431435737985133,4.154569892473118,0.9947860566015725,0,0
fake_user_780,11663,1710,1,0,1,0,3271.474814395791,1069.3000351553917,6.82046783625731,37.218338759763206,0,1
real_user_482,4367,1812,1250,264,1,0,161.57385549413357,6.195271198008638,2.4100441501103753,3.841747806094394,0,0
fake_user_176,71019,1869,339,0,1,0,155.0,2.940877745269295,37.998394863563405,0.2223924270199092,0,1
real_user_560,694,704,1450,54,1,0,78.34111435628043,7.452786463033562,0.9857954545454546,12.362233547451583,1,0
real_user_554,736,81,1639,120,1,0,18.175291679972442,1.7166849264826671,9.08641975308642,2.7027142128335746,1,0
real_user_538,257298,1753,1291,39,1,1,23255.12386912461,800.6939983175265,146.77581289218483,9.34939947743167,0,0
fake_user_784,13499,1644,2,0,0,0,265.0,10.950381401806306,8.211070559610706,2.0442283235929053,0,1
fake_user_185,9840,897,340,12,1,0,1854.3201859887315,273.43088556693925,10.96989966555184,21.6234864995495,1,1
real_user_561,7142,1275,1988,50,1,0,123.03814519253963,14.455567079103039,5.60156862745098,1.9251429889616727,0,0
fake_user_573,45006,78,27,4,0,0,400.18786863819884,0.6737892180662458,577.0,0.8906849261348823,0,1
fake_user_356,35167,221,415,6,0,0,97.0,4.268913892825103,159.1266968325792,0.2879657459914838,0,1
fake_user_450,17732,1545,22,12,0,0,490.0,17.87722882573663,11.477022653721683,2.8641846877156363,0,1
real_user_203,3225,1271,1792,113,1,0,122.29470906863759,9.922213387056576,2.5373721479150277,4.099749533509897,0,0
real_user_91,651,465,1754,46,1,0,46.55491695621638,6.887018034581783,1.4,8.209206603809243,0,0
fake_user_282,174693,64,9,9,0,0,1199.9681932195622,19.09606894708449,2729.578125,0.6978323471270438,0,1
fake_user_625,476503,97,18,0,0,0,3944.62596835193,60.04563273217509,4912.40206185567,0.8404294623715076,0,1
real_user_770,923,1351,951,31,0,0,40.26639615022602,5.046618076941951,0.6831976313841599,4.909318984525242,0,0
fake_user_757,1129,792,8,0,1,0,59.72019495051137,10.863506641470352,1.4255050505050506,6.25187790894435,0,1
real_user_381,3493,1898,560,76,1,0,50.79607170605558,4.512648698907616,1.8403582718651212,1.5834159864003206,1,0
real_user_674,966,628,1119,87,0,0,16.973258265397074,1.4198339531650945,1.5382165605095541,1.9040468135157524,0,0
real_user_726,590,511,1368,5,0,0,1.3421989191658465,0.09847390240608549,1.1545988258317026,0.24418183416473424,0,0
fake_user_619,331609,58,241,75,0,0,883.9442279596494,2.923609330209454,5717.396551724138,0.26744383816176853,0,1
real_user_547,1445,1216,1472,18,1,0,23.26086251898346,1.8273915308964153,1.1883223684210527,1.736211352932863,0,0
fake_user_289,17921,1181,96,0,1,0,326.0,7.71673512198622,15.174428450465706,1.8621546516488268,0,1
fake_user_501,10025,217,0,68,1,0,87.0,2.47547541164506,46.19815668202765,0.8925234455026939,0,1
fake_user_236,51178,1910,297,22,1,0,374.0,3.7702383332579643,26.79476439790576,0.7381496704311579,0,1
fake_user_491,45002,1934,26,5,0,0,404.0,5.2450098298317815,23.2688728024819,0.9093929377135055,0,1
real_user_695,83756,1905,1957,149,1,0,2359.7452643437955,171.47602549392238,43.966404199475065,3.022137267584075,0,0
real_user_206,7025,698,152,105,1,0,166.76486710986842,12.153965545578833,10.064469914040115,2.546887297586438,0,0
fake_user_225,91833,349,233,85,0,0,324.0,10.378278728931846,263.13180515759313,0.3641155997614494,1,1
fake_user_629,4302,1593,3,13,1,0,294.3383202738672,61.30934991814959,2.7005649717514126,8.267030920316522,0,1
fake_user_73,188336,38,126,8,0,0,997.1103122093174,3.3336559557856713,4956.210526315789,0.5312016651968307,0,1
real_user_603,4408,1846,944,47,1,0,8.792734747926476,0.5484046382235636,2.3878656554712894,0.2119133254571243,0,0
fake_user_386,211261,46,3,23,0,0,1198.005322803403,17.80355346767869,4592.630434782609,0.5755008620952669,0,1
fake_user_750,165469,43,38,4,1,0,1060.0765081414072,7.5922685812337685,3848.1162790697676,0.6452379459129148,0,1
fake_user_535,9363,869,23,0,1,0,345.0,10.409325134186268,10.774453394706558,3.795891542605855,0,1
real_user_507,830,846,460,196,1,0,12.817641187309134,1.6925466243357703,0.9810874704491725,1.7482153989933618,1,0
real_user_605,7395,943,1142,18,1,1,121.83525987280365,15.296103725732477,7.841993637327677,1.8543794942330782,1,0
real_user_593,160317,328,1625,39,0,0,4451.4506356692,160.3969401836296,488.7713414634146,2.876705262606479,1,0
fake_user_371,10961,81,23,20,0,0,62.92398947537501,0.14710632486433164,135.320987654321,0.575413701306809,0,1
real_user_255,433,561,828,210,0,0,13.484695183636637,1.2250718113859955,0.7718360071301248,3.397174825640331,0,0
fake_user_581,7489,1020,46,67,1,0,131.0,4.238958450154415,7.342156862745098,1.805834670184997,0,1
real_user_236,906,732,1567,70,1,0,1.4195184893912318,0.14811928465864904,1.2377049180327868,0.17302845188188531,0,0
fake_user_320,227473,76,46,23,1,0,2238.346430875464,24.124577001012735,2993.065789473684,0.9946107924353558,0,1
real_user_143,453,76,1118,27,1,0,1.0,0.05246761057564405,5.9605263157894735,0.2323328058665881,0,0
fake_user_571,83822,1713,10,6,0,0,464.0,7.425396128716166,48.93286631640397,0.5624124885217677,0,1
fake_user_743,379489,58,20,0,0,0,3097.83808435105,15.653295531802192,6542.913793103448,0.8204431168974204,0,1
fake_user_130,18360,1096,6,16,0,0,4272.420469225079,1484.0911485641088,16.751824817518248,31.353549116498847,1,1
fake_user_636,375721,24,471,0,0,0,2186.0787591846843,39.44658164638411,15655.041666666666,0.5923345623031633,0,1
real_user_42,70477,1839,1414,92,1,0,119.11775056642468,11.173258326935398,38.323545405111474,0.1848702539741477,0,0
fake_user_220,2609,664,454,29,1,1,666.9540517352234,152.3440620648587,3.9292168674698793,31.40276403986516,0,1
fake_user_747,243501,38,10,19,1,0,2289.99883846465,32.98769433672617,6407.921052631579,0.9539946582565887,0,1
fake_user_717,16567,2599,0,58,1,0,4392.5548068079615,817.8431724672791,6.374374759522893,31.450461636236138,0,1
fake_user_259,290808,3,432,0,1,0,711.3456539579934,5.38682544399719,96936.0,0.2464624354907673,0,1
fake_user_510,276431,97,38,0,1,0,1749.78272837974,15.752932738443793,2849.8041237113403,0.6386894599803148,0,1
fake_user_271,12345,46,201,3,0,1,64.71940595910714,1.274403809214953,268.3695652173913,0.5345792609827631,0,1
real_user_525,7433,1986,764,61,1,1,353.185320527676,51.53544852686647,3.74269889224572,5.444918189890253,1,0
real_user_339,2777,1753,1091,53,1,1,42.57892691131766,3.474048659758307,1.5841414717626925,1.6583714645688141,0,0
real_user_169,1330,1102,404,240,1,0,11.693737460311027,1.2882047403639072,1.206896551724138,0.9760858797499951,0,0
fake_user_273,8954,488,21,0,0,0,134.0,1.4916450260526088,18.348360655737704,1.5131968396923454,1,1
fake_user_12,15331,2173,1,53,1,0,800.0873121900477,193.86631808368247,7.055223193741371,6.483292872439699,0,1
fake_user_752,76930,65,381,0,1,0,486.19234286436864,4.492092869878898,1183.5384615384614,0.6378323615419831,0,1
real_user_272,5797,483,1231,75,0,0,116.32167767197984,8.871598228830848,12.00207039337474,2.1596218026705314,1,0
fake_user_728,19700,881,338,0,1,0,2207.7368994310546,826.7498078650831,22.36095346197503,15.403485823838265,1,1
real_user_542,6215,1953,515,32,1,0,41.56228129091122,1.5899696622392734,3.182283666154634,0.6943242309436927,0,0
real_user_244,496,838,304,159,1,0,8.829619758108985,0.9490231162100786,0.5918854415274463,1.971500579499811,0,0
real_user_597,1824,1514,66,72,1,0,68.49056233186204,3.369210745122775,1.2047556142668427,3.93968054150136,0,0
real_user_230,2282,62,145,69,1,0,1.3485179430567478,0.08845501624736828,36.806451612903224,0.06296989304575443,0,0
real_user_572,4113,1843,149,289,1,0,98.66078404747843,12.211146618580045,2.2316874660879003,2.695646259811779,1,0
real_user_522,228,304,286,39,0,0,11.14423438067436,1.27510480749855,0.75,5.447078591303908,1,0
fake_user_217,18653,695,0,64,1,0,153.0,3.4667775075633522,26.83884892086331,0.8388290221817583,0,1
real_user_387,2888,714,1752,272,1,1,41.470196568639075,5.02105173144028,4.044817927170868,1.6098077666232464,1,0
real_user_519,5174,878,198,98,1,1,90.01107427214114,8.978949325440164,5.8929384965831435,1.9132204019633035,0,0
real_user_346,4131,1701,1402,125,0,1,55.15782692939822,5.569116845017169,2.4285714285714284,1.4700301083131297,0,0
real_user_115,519,848,1186,9,0,1,24.89311969882263,2.0376016520733766,0.6120283018867925,5.18896365142505,0,0
fake_user_188,346727,52,3,0,0,0,2372.3435618928083,13.353167560342376,6667.826923076923,0.6880619996288581,0,1
real_user_250,349,154,937,19,0,1,9.498582243745382,1.2965536167245582,2.2662337662337664,3.09316213767047,0,0
fake_user_292,367124,21,47,0,0,0,3326.00081764618,62.270805538712914,17482.095238095237,0.9229229424349519,0,1
real_user_41,471,703,519,270,1,1,18.45213873655765,0.6102349871263425,0.6699857752489331,4.047213104816135,1,0
real_user_251,9299,341,1794,109,1,1,468.8789156803669,60.64722703521615,27.269794721407624,5.694441797134994,1,0
real_user_161,984,1346,799,91,1,0,31.308711956987075,0.667076633091425,0.7310549777117384,3.2495720111868396,0,0
real_user_510,6274,1054,838,10,1,1,37.89581463255777,4.950149580836819,5.952561669829222,0.6829130413355848,0,0
real_user_347,224,674,346,25,1,0,5.96290746503052,0.8303478782123369,0.3323442136498516,3.0327032782334182,0,0
fake_user_152,18905,2201,6,0,0,0,4522.4599923422375,1209.12936571314,8.589277601090414,30.317849024360633,0,1
real_user_671,462397,1299,1485,41,1,1,6360.793448522141,362.38883405447774,355.963818321786,1.4539848404242717,0,0
real_user_582,52505,261,1030,43,1,1,363.5491615831971,32.747636630148534,201.16858237547893,0.7547791604863263,0,0
fake_user_602,199213,0,2,17,1,0,1749.0766629368054,23.756345343727457,199213.0,0.8899183327797547,0,1
real_user_788,156,147,1769,133,1,1,2.4315916182972095,0.05862094151970674,1.0612244897959184,1.5962901024467409,1,0
fake_user_588,287077,44,139,0,1,0,1708.8445482766579,32.154338171359456,6524.477272727273,0.6064571130560851,0,1
real_user_655,812,621,1697,54,1,1,1.5354958252937998,0.18042134631728513,1.3075684380032206,0.211319848720577,0,0
fake_user_156,14649,1085,4,29,0,1,1379.2470777207116,301.6364484364289,13.501382488479262,11.474390921954676,0,1
fake_user_314,415403,86,1,0,0,0,1272.905542181188,13.736553879509968,4830.267441860465,0.3097334627002448,0,1
real_user_70,4726,1902,1962,11,1,0,5.074978203272102,0.255844919679334,2.484752891692955,0.11279778084958604,0,0
fake_user_693,232306,41,9,1,1,0,1078.8528936424802,5.723659884028087,5666.0,0.4668741029187832,0,1
real_user_62,6252,793,1451,146,1,0,257.7089985710735,29.40374466421914,7.883984867591425,4.592334344774354,0,0
fake_user_81,77010,824,1,0,1,1,427.0,0.9956763540662241,93.45873786407768,0.5557663632697912,0,1
real_user_63,988485,852,418,99,1,0,35778.25639028145,4769.41591637149,1160.193661971831,4.10200178117553,0,0
fake_user_342,62347,1289,249,11,1,0,192.0,2.46318974306387,48.368502715283164,0.3119046461627085,0,1
real_user_662,321473,1809,1848,64,1,0,9055.030217863006,752.8654474939716,177.70757324488667,3.0509236126694863,0,0
real_user_21,123,545,810,196,1,1,2.8622827129970387,0.2896055437396112,0.22568807339449543,2.562510777834675,0,0
real_user_729,5306,970,1820,87,1,0,70.22787995888412,6.962520071795263,5.470103092783505,1.4547757261718692,1,0
real_user_460,666,159,1936,32,1,0,5.804122064148496,0.3330921403670546,4.188679245283019,0.9215036343116443,0,0
real_user_634,204,604,488,22,1,0,6.216907389311311,0.40956734312732374,0.33774834437086093,3.2482719276659973,1,0
real_user_282,5951,1934,1783,19,1,1,201.2106613284303,5.451557175597956,3.077042399172699,3.4727309444467864,0,0
real_user_472,2318,1834,1458,5,1,1,38.25115993025646,4.631576044461212,1.2639040348964012,1.8499886097807454,0,0
fake_user_767,84220,1141,42,24,0,0,349.0,13.990628290594776,73.81244522348817,0.4310028832707134,0,1
real_user_25,142,96,1457,40,0,0,5.716918477841088,0.5125154828988708,1.4791666666666667,4.38692532446476,1,0
fake_user_526,17770,259,100,10,0,0,190.0,1.7209612190100216,68.61003861003861,1.078902426668599,0,1
fake_user_703,55006,1131,164,52,1,1,383.0,13.395777822577715,48.634836427939874,0.7206409806613419,0,1
real_user_88,70976,1528,828,240,1,1,1625.8605623939488,136.08989710402435,46.45026178010471,2.482459506731815,1,0
fake_user_373,402546,49,36,5,0,0,3268.9743932179254,35.193340603563534,8215.224489795919,0.820817430510175,0,1
real_user_487,911182,1547,105,106,1,0,30125.903697943544,797.4461674561812,588.9993535875889,3.393762153488516,1,0
fake_user_479,99839,1812,49,27,1,0,85.0,3.2094738044246176,55.09878587196468,0.08835172007374334,0,1
fake_user_499,36500,55,42,48,1,0,245.91019644193025,2.409058060234824,663.6363636363636,0.680326724663466,0,1
real_user_122,1942,1147,63,106,1,1,2.6265420971561237,0.27320562384453206,1.6931124673060156,0.14931759634400904,1,0
fake_user_696,16295,2153,4,20,0,0,2499.408214258201,736.1360301925913,7.568509057129587,19.85605550445408,0,1
fake_user_89,186673,38,311,0,1,0,903.3157450294343,5.673260902887161,4912.4473684210525,0.4869418747929917,0,1
real_user_173,8714,297,842,158,1,0,215.70704851906868,18.298836225682816,29.34006734006734,2.6854014774472286,0,0
real_user_621,580434,690,781,130,1,1,27360.396437445383,1855.9578405217223,841.2086956521739,5.033535988237612,0,0
fake_user_299,88877,1529,8,0,0,0,443.0,7.952911329348852,58.12753433616743,0.5073898886431235,0,1
real_user_680,7225,1140,823,38,1,0,175.30937743269126,13.664753004442558,6.337719298245614,2.6155588987838594,1,0
real_user_703,662,724,699,299,1,0,7.3652844732587806,0.8213170760862062,0.914364640883978,1.2366467597197865,1,0
real_user_439,734,481,519,160,1,0,10.628414874502324,0.8249442989457032,1.525987525987526,1.560403157145508,0,0
real_user_224,37119,1430,251,45,1,0,19.30141277931939,0.7929236994358532,25.957342657342657,0.05413490794136491,1,0
real_user_310,10431,1610,651,67,1,1,370.6990377755024,15.805830077170253,6.47888198757764,3.705348172300572,1,0
real_user_292,215,528,868,239,1,1,3.8849384148836044,0.42912537284974345,0.4071969696969697,2.0065412966201617,0,0
real_user_57,5987,1759,922,39,1,0,111.25712988207958,8.683564584696251,3.4036384309266627,2.003352170816366,0,0
real_user_432,910495,228,1407,16,1,1,1529.23550327488,131.90562907327714,3993.3991228070176,0.182443740201556,0,0
real_user_29,8974,1611,100,294,1,1,429.2787435200629,60.82715957800128,5.570453134698945,5.461398519033477,0,0
real_user_281,82893,1547,1736,140,1,0,4347.315418482954,417.5517813504961,53.5830639948287,5.748214203652237,1,0
fake_user_682,16580,436,6,0,1,0,443.0,0.6378783121602805,38.027522935779814,2.6757411237162865,0,1
real_user_215,3819,1057,1546,126,1,0,180.83866078771203,13.21167322139335,3.6130558183538315,5.08118182794201,0,0
fake_user_579,12254,535,40,1,0,1,2554.484421793286,958.0990255068086,22.90467289719626,28.66479065856124,0,1
fake_user_496,71798,624,340,20,0,0,58.0,2.89228766650108,115.06089743589743,0.0848105625038317,0,1
fake_user_341,146664,63,45,36,0,0,1137.6010819812423,11.815650418269145,2328.0,0.7837074758628644,0,1
fake_user_209,57936,20,6,17,0,1,123.99394695875114,1.3778620454371493,2896.8,0.21639707436514133,0,1
real_user_588,509,556,1301,45,1,0,2.775157891032766,0.2723483152406269,0.9154676258992805,0.5987242055546941,0,0
real_user_112,385,836,1855,104,1,0,5.611186996657055,0.2956233912586211,0.4605263157894737,1.5342364643936819,0,0
fake_user_106,19218,1229,10,22,1,0,3414.2196396297923,1009.0190165917215,15.637103336045566,23.016123718500957,0,1
fake_user_548,312913,55,39,72,0,1,455.61306850714925,2.8397855261632667,5689.327272727272,0.146511283977755,0,1
fake_user_470,492130,5,37,0,0,0,1434.122641997987,6.418970599369584,98426.0,0.2927156671199392,0,1
fake_user_721,16767,860,2,26,0,0,101.0,4.4025579303607465,19.496511627906976,0.6286309890282146,1,1
fake_user_205,20625,1638,401,0,0,0,445.0,0.9634950315586492,12.591575091575091,2.16224724863786,0,1
real_user_365,8989,1784,1662,109,0,1,267.7070034610022,23.95339628826471,5.038677130044843,3.2446367754952377,1,0
fake_user_86,50872,1069,62,70,1,1,414.0,8.7398981979619,47.588400374181475,0.8309873765489109,0,1
fake_user_694,27542,1620,40,24,1,0,121.0,1.0356826272229054,17.001234567901236,0.443089400287644,0,1
fake_user_502,62068,91,36,0,0,0,486.5435647916708,9.297804676667795,682.065934065934,0.798867966534025,0,1
fake_user_25,64431,28,9,1,1,0,275.2410092207752,1.7413173817304293,2301.1071428571427,0.42988984588552964,1,1
real_user_257,698,276,1948,112,1,1,39.84326731392466,2.1320751912492732,2.528985507246377,6.013659384695406,0,0
real_user_578,747,861,1033,13,1,0,41.740472255652485,3.7754095192881607,0.867595818815331,6.093156864115214,0,0
fake_user_153,409705,43,469,0,1,1,1224.7273128062277,17.757965664030856,9528.023255813954,0.3032633915793702,0,1
real_user_566,577,491,332,170,1,0,37.20704655887796,3.1389930321977846,1.175152749490835,6.992381211624912,0,0
fake_user_340,7909,2015,43,65,0,0,627.0732826582243,218.55159803019976,3.925062034739454,10.691931732057455,0,1
fake_user_598,8327,1131,11,31,1,0,1791.9916157182722,435.8233194586594,7.362511052166225,26.754112347507288,0,1
real_user_419,8149,1064,168,202,1,0,138.23813027637016,2.867240726256449,7.658834586466165,1.7315667076037136,0,0
fake_user_364,491138,31,10,22,1,0,2081.6962350110384,21.34866029839654,15843.161290322581,0.42819836691712615,0,1
real_user_567,46839,146,115,7,1,1,250.94198207579734,23.154060480838925,320.8150684931507,0.5851876482346683,1,0
real_user_150,748,752,368,123,1,1,41.736400694780286,3.3124714338475973,0.9946808510638298,6.022576487784477,0,0
real_user_769,871,292,794,254,1,0,18.709518714311386,2.638569096241193,2.982876712328767,2.4509859713608013,0,0
real_user_167,428387,203,377,25,1,1,367.661449163449,55.03693060915999,2110.28078817734,0.0986720838336852,0,0
real_user_317,2468,492,1451,32,1,0,94.3361688735804,8.999409489916971,5.016260162601626,4.187016951519343,0,0
real_user_575,1695,1856,192,62,1,1,2.3262212772457684,0.18518118187616708,0.9132543103448276,0.1481653368213531,1,0
real_user_798,8095,636,1420,245,1,0,158.68846793546686,22.20328717914333,12.727987421383649,2.234610934090305,0,0
real_user_569,9099,608,1002,53,1,0,11.191089322932763,0.4620155838718373,14.96546052631579,0.12807017152219585,0,0
fake_user_163,149987,72,5,0,1,0,903.6492349332959,6.36502437747226,2083.152777777778,0.6067287560327017,0,1
real_user_701,62319,432,979,99,1,0,521.1396453911037,43.33463030618485,144.25694444444446,0.9057819857463832,0,0
real_user_78,7721,1347,851,3,1,0,190.48970889511952,24.833099624393157,5.73199703043801,2.7887943079848814,0,0
real_user_192,884,567,1355,8,1,0,44.16206999307661,4.522209354207076,1.5590828924162257,5.507271419375982,0,0
fake_user_39,18059,425,6,0,1,0,265.0,9.101368079477497,42.49176470588235,1.5178103332381498,0,1
real_user_303,654,479,1956,138,1,0,6.331685353804973,0.5931854988331625,1.3653444676409185,1.0588487542260145,0,0
fake_user_16,95926,1746,6,0,0,0,286.0,10.792929046167254,54.940435280641466,0.30939779522357574,0,1
real_user_403,792,263,553,198,1,1,12.474734695152822,0.8656692533162893,3.011406844106464,1.684394437938019,0,0
fake_user_49,388163,86,102,23,1,0,1285.495674219495,15.354813605522915,4513.523255813953,0.3351299551541538,0,1
real_user_705,19145,97,1487,93,1,0,512.3170767748088,31.397691425793212,197.37113402061857,2.8399831193554563,0,0
real_user_733,298,79,1865,263,1,1,16.245883178905025,1.8105977791111592,3.7721518987341773,6.0592217979920076,0,0
real_user_767,967,882,1793,4,1,0,12.611555682144113,1.573192018251999,1.0963718820861679,1.4668818718093188,0,0
real_user_623,6633,1052,504,9,1,0,182.76658510479822,27.29761076011703,6.305133079847908,3.166956066107572,0,0
real_user_123,4048,849,1667,58,1,0,27.70427668322638,3.621719609204922,4.767962308598351,0.7738635447735005,0,0
real_user_416,60402,259,794,163,1,0,1176.607603875207,32.341302293872445,233.21235521235522,2.001504761711664,0,0
fake_user_733,29217,52,44,57,0,0,30.75689123147596,0.5308914020173352,561.8653846153846,0.10708759500802033,0,1
fake_user_269,88221,66,1,0,0,0,179.13446567202791,2.1761046460206166,1336.6818181818182,0.20551860704146238,1,1
fake_user_532,371261,37,325,0,0,1,3557.123673187507,5.018658501536535,10034.081081081082,0.9594711891874028,0,1
real_user_208,1400,119,1702,62,1,1,57.54742709322046,3.8823144024756946,11.764705882352942,4.387838678264011,1,0
fake_user_671,12027,1704,12,84,1,0,3183.9448483906276,946.873738079986,7.058098591549296,34.34620924977645,0,1
real_user_643,82194,553,948,174,1,1,590.7809867647862,16.91157887535981,148.63291139240508,0.7393393260337081,0,0
fake_user_584,330676,94,1,23,1,0,1878.6403128693976,11.654136469107513,3517.8297872340427,0.5716454926691097,0,1
real_user_670,869,199,100,48,1,0,8.963702326426557,1.0918090542526657,4.366834170854271,1.157135947143754,0,0
real_user_331,350,111,140,7,0,0,2.7522943047874042,0.3327724450901318,3.1531531531531534,0.8814476428221532,0,0
fake_user_90,42869,707,30,29,0,0,482.0,7.891317628339269,60.635077793493636,1.1427635765432813,0,1
real_user_233,8391,768,1181,212,1,0,148.91563933027587,3.0395682530976225,10.92578125,1.8109308495217913,0,0
real_user_107,1987,764,1684,59,1,0,64.71829322133101,6.889556021206235,2.600785340314136,3.6038172744105306,1,0
real_user_446,7958,399,1911,136,1,0,12.61573656820638,0.5810132560650254,19.94486215538847,0.16582998019943962,0,0
real_user_730,231,94,1716,33,1,1,3.2961187597709207,0.13316797148356568,2.4574468085106385,1.4845397104997777,0,0
fake_user_507,65055,1684,21,37,1,0,335.0,0.5914066523414052,38.6312351543943,0.5158579765618959,0,1
fake_user_754,5403,883,133,73,0,0,1108.6064888286364,158.43982065822064,6.118912797281993,23.45079232809286,0,1
fake_user_749,443414,13,30,0,1,1,823.2307754972132,5.014016026600271,34108.769230769234,0.18678814641031036,0,1
real_user_345,55974,598,1025,40,1,0,704.128173856531,104.32454864869659,93.60200668896321,1.4443361605481608,1,0
fake_user_34,18353,890,21,0,0,0,4920.241783441894,1665.4314947941477,20.621348314606742,35.88336118474386,0,1
real_user_344,10558,1781,1067,83,1,0,461.7616291801551,24.155059765947176,5.928130263896687,4.602355455068216,0,0
real_user_36,376,179,210,266,1,0,7.683462476856935,0.7530334062353508,2.100558659217877,2.2437489050777355,0,0
fake_user_770,37158,1579,14,4,1,0,73.0,0.5335001811441588,23.532615579480684,0.19789412826617192,0,1
fake_user_17,14028,2341,22,0,1,0,2330.8193115678337,393.0328265747395,5.992310978214438,19.417252196625128,0,1
real_user_73,59131,299,165,42,0,0,127.54420421883158,3.633499414592423,197.76254180602007,0.22184252529709295,0,0
fake_user_697,30809,575,20,0,0,0,440.0,0.8699599667900569,53.58086956521739,1.4309778310454415,0,1
fake_user_227,163109,36,324,25,1,0,1557.2647229149668,28.64236812601743,4530.805555555556,0.9722989479679136,0,1
fake_user_643,38386,434,8,0,1,0,241.0,3.564690787660572,88.44700460829493,0.6371194987434496,0,1
fake_user_451,19469,405,96,8,1,0,445.0,9.913895406073742,48.071604938271605,2.33660637632171,0,1
fake_user_171,315935,60,7,11,1,0,1366.1375314262589,25.86035180189958,5265.583333333333,0.4405962882327562,0,1
real_user_423,789,52,754,122,1,0,12.414358706275905,0.27911766490487677,15.173076923076923,1.6088056237238,0,0
fake_user_64,243779,20,181,0,1,1,587.1906840125012,11.323694111569864,12188.95,0.24551515024840986,0,1
fake_user_652,73193,606,85,5,1,0,367.0,6.312294666337358,120.78052805280528,0.5100382477372664,0,1
fake_user_608,59080,54,64,63,1,1,554.9036344358013,2.9387270609356158,1094.0740740740741,0.9442152361149916,0,1
fake_user_133,50579,1927,45,0,1,0,124.0,2.990498590418448,26.247535028541776,0.251073565294724,1,1
fake_user_465,223139,91,33,0,0,0,547.8161715057098,5.023150332616758,2452.076923076923,0.2477555791853179,0,1
real_user_182,227,209,793,136,1,0,6.134187188385097,0.6107354028683897,1.0861244019138756,2.9713315379971306,0,0
fake_user_316,10937,1750,11,0,0,0,2600.024394787561,762.3476659315776,6.249714285714286,30.743092810817764,1,1
real_user_280,9897,682,1866,73,0,0,308.7362243857567,24.195079313608968,14.511730205278592,3.3639618439867203,0,0
fake_user_112,33131,1071,28,0,1,0,474.0,23.485826316433712,30.934640522875817,1.5015720211174843,0,1
real_user_595,584,118,36,73,0,1,12.500287829270812,1.719272507630071,4.9491525423728815,2.434856222072069,0,0
real_user_333,2543,831,72,120,1,1,60.29965271868124,7.6435766425219756,3.0601684717208184,2.671774650460213,1,0
real_user_570,42523,875,202,120,0,0,824.3581873754106,29.62854299125891,48.59771428571428,2.0082937007423496,0,0
real_user_540,290,498,1822,15,1,0,2.4744676798982366,0.18245059755660908,0.5823293172690763,0.91617871636374,0,0
real_user_442,616426,1610,188,53,1,0,10154.526528016291,698.2712268187752,382.8732919254658,1.7606002593717764,1,0
fake_user_651,10864,1777,240,0,1,0,736.7542876103639,174.94634330485408,6.1136747326955545,8.391942478969238,0,1
real_user_294,5269,886,578,85,1,0,52.57808143643182,7.557097356115379,5.946952595936795,1.1413015523353047,1,0
real_user_453,34448,570,1056,143,1,1,590.6827680983612,74.98320648737048,60.435087719298245,1.9323791644964343,1,0
real_user_328,7103,1434,517,15,1,0,338.0087189213467,41.866478375904535,4.953277545327754,5.348095133003678,0,0
fake_user_537,52126,93,35,0,1,0,483.5138742510534,4.618534587685862,560.494623655914,0.936447087516286,0,1
fake_user_177,249241,64,350,24,1,1,1936.5892871023168,17.648567735196636,3894.390625,0.7840755954427696,0,1
fake_user_142,73022,1937,12,46,1,1,256.0,9.246106901214784,37.69850283944243,0.36324136137220947,0,1
fake_user_215,76915,1214,46,0,0,0,61.0,2.736081423518412,63.35667215815486,0.08286560673928156,0,1
real_user_458,4749,608,360,58,1,0,32.43642598035206,2.292867153169642,7.810855263157895,0.7312969705942663,1,0
real_user_400,7531,1544,641,144,1,1,107.64760849123441,11.869739726399057,4.8775906735751295,1.5870050221435859,1,0
fake_user_661,79181,1328,38,0,1,0,270.0,0.9049745694987716,59.62424698795181,0.34213381312372765,0,1
real_user_186,406,734,551,73,1,0,13.006760616994084,1.8114880979861125,0.553133514986376,3.64981495442862,1,0
fake_user_457,12583,2333,2,0,0,1,648.4490835204793,127.40009461934866,5.393484783540506,6.165852166731527,0,1
fake_user_281,411468,29,26,0,1,0,651.0679316512227,1.4999208098699515,14188.551724137931,0.15859504322598422,0,1
fake_user_378,179114,82,42,0,0,0,1312.763513118002,19.778201973091832,2184.317073170732,0.7439629035648212,0,1
fake_user_755,295072,13,42,13,0,0,2315.8163555548385,9.7403112229839,22697.846153846152,0.7881319361978847,0,1
real_user_459,9016,359,1594,143,1,0,539.7744354254118,24.735673982444634,25.114206128133706,6.261203520495301,0,0
fake_user_723,60024,27,301,3,0,0,513.6626220394854,1.373695374594921,2223.1111111111113,0.8580506420999606,0,1
fake_user_230,65125,1106,12,19,1,1,242.0,0.8678753478823755,58.883363471971066,0.37292572030385013,0,1
real_user_690,28220,475,350,26,1,0,2665.178502519373,398.8359127480772,59.410526315789475,10.85759892015397,1,0
fake_user_85,6969,1361,16,0,0,0,1617.491715938931,490.83051473684077,5.120499632623071,30.25286598759896,0,1
fake_user_705,95788,773,33,0,1,1,105.0,3.4688114167814477,123.91720569210867,0.11323841338871408,1,1
fake_user_368,22242,1357,27,0,1,0,179.0,6.521788818066911,16.39056742815033,0.8341056956122063,0,1
fake_user_229,124278,39,48,23,1,0,928.5723321367544,3.026451113975371,3186.6153846153848,0.7496087668378392,0,1
fake_user_445,74221,232,464,24,1,0,276.0,13.114479720841944,319.9181034482759,0.38953191107751434,0,1
real_user_228,518,488,1943,91,1,0,8.25355102456222,0.5676920197331632,1.0614754098360655,1.7029426726438965,1,0
real_user_61,183,381,788,41,0,0,6.2224242854179055,0.6678216687122317,0.48031496062992124,3.765161723568381,0,0
fake_user_642,294178,97,21,8,1,0,594.8406090310607,10.353529181561006,3032.762886597938,0.20572379247007652,0,1
real_user_739,7744,1901,1525,69,0,1,418.01720869621295,53.93401153757943,4.073645449763283,6.094411418308269,0,0
fake_user_561,54559,17,369,17,0,0,260.9983402587831,3.4297409821165226,3209.3529411764707,0.48466445726809443,0,1
fake_user_270,14296,537,404,0,1,1,4068.168631293355,1189.376475236031,26.6219739292365,36.77633678322178,0,1
fake_user_793,33555,53,8,0,1,0,275.4456331387769,4.752247014295304,633.1132075471698,0.8350406203339954,0,1
fake_user_546,265505,15,36,82,1,0,1911.1093269185926,19.626883032966493,17700.333333333332,0.7271939172337843,0,1
fake_user_477,272325,49,39,84,0,0,429.90296862798226,3.3958814908224366,5557.65306122449,0.15911093367072604,0,1
fake_user_768,117282,34,20,15,0,0,690.2859290454674,2.580871505359674,3449.470588235294,0.5907699395907531,0,1
fake_user_27,276014,87,47,0,1,0,1864.0081615108588,2.527596665649276,3172.574712643678,0.6762467694307203,0,1
fake_user_275,341512,83,21,20,1,0,3003.2768509858606,21.51303658938429,4114.6024096385545,0.885705301007064,0,1
fake_user_19,11780,2213,30,7,0,1,2913.431911684696,598.246443838859,5.323090826931767,29.810512355887564,0,1
real_user_110,1711,1784,157,64,1,0,84.54067139796845,10.484283341071157,0.9590807174887892,5.553767080014004,0,0
real_user_628,9565,1032,1593,90,1,1,6.799489701948573,0.9209344135750631,9.268410852713178,0.08071535928409447,1,0
fake_user_605,58180,643,280,24,1,1,345.0,14.180866876828146,90.48211508553655,0.6173614074885324,0,1
fake_user_115,55269,410,9,6,1,0,414.0,13.570411711806646,134.80243902439025,0.7736170578657233,0,1
real_user_247,7794,1658,1474,60,1,1,170.62839541558787,25.343084591059824,4.700844390832328,2.514389017278005,0,0
real_user_185,5017,798,1033,10,1,1,118.0508783958962,10.32866184732443,6.286967418546366,2.558890576902943,1,0
real_user_264,192,206,116,17,0,0,2.4886656248083345,0.06420213108673643,0.9320388349514563,1.3296186228620162,0,0
real_user_715,5165,1142,1594,72,1,0,116.53659300705894,16.006472926172755,4.52276707530648,2.5661774624052605,1,0
real_user_694,5351,148,1307,78,1,0,106.51174986360716,12.830776766678165,36.1554054054054,2.230284556723703,1,0
fake_user_744,59002,1948,420,0,1,0,359.0,17.202313666789813,30.288501026694046,0.6376094262343477,0,1
fake_user_678,43133,1430,46,0,0,0,337.0,4.729955747659295,30.16293706293706,0.7922703168053679,0,1
fake_user_94,79176,1852,4,13,0,0,355.0,4.044688612880599,42.751619870410366,0.45347667047196194,0,1
real_user_428,216,210,1690,67,0,1,1.0,0.08161619594742742,1.0285714285714285,0.5007482388645498,0,0
real_user_3,157,222,1249,16,1,1,9.480227787164749,0.30862562252411163,0.7072072072072072,6.234938477508828,0,0
fake_user_14,418331,33,7,0,1,1,1244.4749549550393,7.244987548639359,12676.69696969697,0.2992175914535807,0,1
real_user_77,56183,975,834,123,1,0,92.41270106932394,2.9753216307920107,57.62358974358975,0.1697809349805385,0,0
real_user_408,502,816,214,262,1,0,1.0,0.05147933892645819,0.6151960784313726,0.20945803564272075,1,0
real_user_799,50251,720,119,182,1,0,29.438647447882538,3.304807006500094,69.79305555555555,0.06515980667923549,0,0
fake_user_119,13991,2254,20,9,1,0,3152.330922843029,607.7815983564615,6.207187222715173,26.87522350939526,0,1
real_user_322,642,926,364,250,1,0,39.71689444666189,4.634522471757462,0.693304535637149,6.908320392277158,0,0
fake_user_716,75814,1625,9,0,0,0,272.0,8.68832255621559,46.65476923076923,0.3702328363576854,0,1
fake_user_567,67343,1596,23,16,1,1,415.0,4.3362368095009725,42.19486215538847,0.6226871936348262,0,1
fake_user_413,17940,2512,7,0,1,0,2852.3172886293096,522.4669332341033,7.14171974522293,18.811506253419246,0,1
real_user_709,1511,1623,275,4,1,0,51.430081738158435,2.7961364619833637,0.9309919901417129,3.5887636135103778,0,0
fake_user_670,288416,19,10,0,1,0,1704.1731308677843,15.695431667683152,15179.78947368421,0.5963152399781799,0,1
real_user_359,9482,733,1339,159,1,0,707.2614980158334,103.0972637932579,12.935879945429742,8.546285190983877,0,0
fake_user_405,51408,1040,5,83,1,0,348.0,15.857429428418758,49.43076923076923,0.7077836706902014,0,1
real_user_444,915298,710,453,9,0,0,21684.71208852537,1800.5827227088423,1289.1521126760563,2.5658632282856746,1,0
real_user_74,553,156,1717,290,1,0,3.2453881004915663,0.2819659789179361,3.5448717948717947,0.6378578805442139,1,0
fake_user_473,131451,19,2,17,0,0,709.5608671625719,0.9458596247893001,6918.473684210527,0.5405107049679053,0,1
fake_user_646,45302,919,6,0,1,0,342.0,16.252750986495947,49.29488574537541,0.7908100105657496,0,1
real_user_37,516,723,1016,133,1,0,1.0,0.09281037673763133,0.7136929460580913,0.21178495673209913,0,0
real_user_486,21151,911,501,115,1,0,696.28563196025,58.40585817786896,23.21734357848518,3.5681125721626348,0,0
fake_user_729,89473,306,209,0,0,0,384.0,13.32326758233328,292.3954248366013,0.444070577249375,0,1
real_user_241,4406,1961,135,29,1,1,3.3005824241141775,0.12148492953268553,2.2468128505864353,0.07766834665562558,0,0
real_user_506,2412,1346,1816,16,1,0,21.72288698128538,0.5414386173963961,1.7919762258543834,0.9230649087347337,0,0
real_user_602,209,409,1840,136,1,1,3.1146409608425554,0.27747622665682065,0.511002444987775,1.6230225777508975,0,0
real_user_234,9659,1084,958,33,1,1,305.4994687566726,39.833288355994696,8.910516605166052,3.575243370045215,0,0
fake_user_210,88939,856,4,79,0,0,186.0,0.37838016360803595,103.90070093457943,0.20955753962109766,0,1
fake_user_255,323197,98,21,49,1,0,2439.187782101376,20.427137092725346,3297.9285714285716,0.7610265315563267,0,1
fake_user_57,13498,1328,16,0,1,0,94.0,4.521863839203904,10.164156626506024,0.7298997172855527,0,1
real_user_543,64044,524,1573,5,1,0,4012.9739973205847,160.7819745850927,122.22137404580153,6.517013259486723,0,0
real_user_5,5569,951,757,41,1,0,433.07755747670353,20.49965343516408,5.8559411146161935,8.144679671608325,0,0
fake_user_110,27146,479,277,61,0,1,149.0,5.107282127964792,56.67223382045929,0.5676979375523642,0,1
real_user_609,116102,1639,1471,111,1,0,3666.4529401284594,173.69899122591178,70.83709579011592,3.3075674246389997,0,0
real_user_473,8592,158,87,20,1,1,449.9200420195521,35.748701142212596,54.379746835443036,5.65256917087715,0,0
fake_user_180,20323,206,455,0,1,1,446.0,4.568706405766665,98.65533980582525,2.217038362474864,0,1
